unit	probe_cost_verdict	probe_cost_median_a_us	probe_cost_median_b_us	probe_cost_delta_us	probe_cost_delta_pct	probe_cost_band_pct	probe_cost_reason	projection_cost_verdict	projection_cost_median_a_us	projection_cost_median_b_us	projection_cost_delta_us	projection_cost_delta_pct	projection_cost_band_pct	projection_cost_reason	dispatch_a_us	dispatch_b_us	lookup_a_us	lookup_b_us	probe_total_a_us	probe_total_b_us	wall_a_us	wall_b_us
coffeeshop__fact_sales_location_id__dim_locations_location_id__T16__tierb	WIN	11385195	9801883	-1583312	-13.907	3.000		TIE	35790932	36007632	216700	0.605	3.000		717	112921	11384350	9692135	47176977	45814597	7244000	7212000
coffeeshop__fact_sales_location_id__dim_locations_location_id__T96__tierb	WIN	13850217	12417222	-1432995	-10.346	3.000		TIE	41363162	41587035	223873	0.541	3.000		18944	200959	13832260	12214959	55181814	54016239	1650000	1666000
coffeeshop__fact_sales_product_id__dim_products_product_id__T16__tierb	TIE	13976550	14098952	122402	0.876	3.000		TIE	78476526	77612493	-864033	-1.101	3.000		833	139998	13975836	13956571	92457189	91719487	13398000	13444000
coffeeshop__fact_sales_product_id__dim_products_product_id__T96__tierb	LOSS	16372150	18670260	2298110	14.037	3.000		TIE	96296399	95775130	-521269	-0.541	3.000		23914	192314	16349036	18481915	112580553	114442859	3008000	3087000
coffeeshop__fact_sales_product_name__dim_products_name__T16__tierb	LOSS	17336914	20739695	3402781	19.627	3.000		TIE	57118014	56680441	-437573	-0.766	3.000		764	134012	17336236	20603809	74448318	77401857	11613000	11846000
coffeeshop__fact_sales_product_name__dim_products_name__T96__tierb	LOSS	20071415	25822941	5751526	28.655	3.000		TIE	69282852	67703914	-1578938	-2.279	3.000		25818	204805	20043777	25619505	89302914	93515531	2628000	2704000
job__cast_info_movie_id__complete_cast_movie_id__T16__tierb	WIN	463746	387146	-76600	-16.518	3.000		TIE	555433	571646	16213	2.919	3.000		12	1834	463744	385237	1019800	958110	108000	112000
job__cast_info_movie_id__complete_cast_movie_id__T96__tierb	WIN	511337	443020	-68317	-13.360	3.000		LOSS	771756	813044	41288	5.350	3.000		42	2388	511297	440677	1284810	1252072	45000	47000
job__cast_info_movie_id__movie_companies_movie_id__T16__tierb	WIN	485773	469437	-16336	-3.363	3.000		LOSS	6980156	8487666	1507510	21.597	3.000		11	2377	485773	467109	7466108	8956991	634000	754000
job__cast_info_movie_id__movie_companies_movie_id__T96__tierb	WIN	774581	709750	-64831	-8.370	3.000		LOSS	10050427	10445542	395115	3.931	3.000		56	2633	774530	707175	10823093	11143479	190000	191000
job__cast_info_movie_id__movie_info_idx_movie_id__T16__tierb	WIN	581810	446267	-135543	-23.297	3.000		LOSS	2862180	3298042	435862	15.228	3.000		11	1962	581798	444249	3444987	3744309	304000	335000
job__cast_info_movie_id__movie_info_idx_movie_id__T96__tierb	WIN	687918	552230	-135688	-19.724	3.000		LOSS	3314840	3601728	286888	8.655	3.000		92	2474	687769	549707	3997151	4150892	86000	89000
job__cast_info_movie_id__movie_info_movie_id__T16__tierb	WIN	755604	648256	-107348	-14.207	3.000		LOSS	56830202	65732841	8902639	15.665	3.000		2	3687	755603	644477	57580779	66381797	4677000	5340000
job__cast_info_movie_id__movie_info_movie_id__T96__tierb	LOSS	1529835	1812405	282570	18.471	4.566		TIE	88354065	90564066	2210001	2.501	3.000		124	4684	1529711	1807718	89865460	92366706	1399000	1357000
job__cast_info_movie_id__movie_keyword_movie_id__T16__tierb	WIN	631114	481233	-149881	-23.749	3.000		LOSS	3195721	3573633	377912	11.826	3.000		1	2383	631114	478847	3825664	4057553	480000	510000
job__cast_info_movie_id__movie_keyword_movie_id__T96__tierb	WIN	913824	645037	-268787	-29.413	3.000		LOSS	5035229	5268538	233309	4.634	3.000		115	2679	913726	642353	5945187	5907488	149000	147000
job__cast_info_movie_id__movie_link_linked_movie_id__T16__tierb	LOSS	303131	359619	56488	18.635	3.000		TIE	366347	370807	4460	1.217	3.000		17	1532	303111	358075	669647	729861	80000	90000
job__cast_info_movie_id__movie_link_linked_movie_id__T96__tierb	LOSS	345422	397500	52078	15.077	3.000		TIE	521861	510195	-11666	-2.235	3.000		53	2169	345343	395253	871300	905871	39000	40000
job__cast_info_movie_id__title_id__T16__tierb	WIN	477747	440743	-37004	-7.746	3.000		LOSS	2657902	3405594	747692	28.131	3.000		0	2065	477747	438748	3135595	3844932	292000	355000
job__cast_info_movie_id__title_id__T96__tierb	WIN	856918	686993	-169925	-19.830	4.071		LOSS	4223223	4437232	214009	5.067	3.000		72	2443	856849	684572	5076306	5108167	111000	108000
job__cast_info_movie_id__title_id__filtered__T16__tierb	WIN	476109	407602	-68507	-14.389	3.000		LOSS	786793	984336	197543	25.107	3.000		1	1785	476108	405731	1262757	1391442	140000	162000
job__cast_info_movie_id__title_id__filtered__T96__tierb	WIN	679145	576916	-102229	-15.053	3.550		LOSS	1361942	1493827	131885	9.684	3.000		37	2343	679110	574522	2031293	2070482	72000	72000
job__cast_info_person_id__aka_name_person_id__T16__tierb	WIN	255113	247012	-8101	-3.175	3.000		LOSS	848297	923579	75282	8.874	3.000		16	1967	255093	245150	1103285	1170591	146000	161000
job__cast_info_person_id__aka_name_person_id__T96__tierb	LOSS	423571	441982	18411	4.347	3.000		LOSS	1435873	1497305	61432	4.278	3.000		128	2485	423425	439504	1859444	1937480	61000	62000
job__cast_info_person_id__name_id__T16__tierb	WIN	300878	252870	-48008	-15.956	3.000		LOSS	981544	1144467	162923	16.599	3.000		0	1839	300878	251164	1282915	1397827	182000	226000
job__cast_info_person_id__name_id__T96__tierb	LOSS	565309	610753	45444	8.039	3.492		LOSS	1581026	1738664	157638	9.971	3.000		66	2259	565143	608514	2146389	2344005	104000	94000
job__cast_info_person_id__person_info_person_id__T16__tierb	TIE	309232	316864	7632	2.468	3.000		TIE	7890816	7906726	15910	0.202	3.000		3	2848	309228	314171	8199111	8223590	1127000	1177000
job__cast_info_person_id__person_info_person_id__T96__tierb	LOSS	795513	974049	178536	22.443	3.000		TIE	21066608	20508359	-558249	-2.650	3.000		289	3963	795223	970011	21865453	21490003	505000	487000
job__cast_info_person_role_id__char_name_id__T16__tierb	WIN	229149	179891	-49258	-21.496	3.000		LOSS	651223	769060	117837	18.095	3.000		1	1718	229126	178155	880341	948951	116000	136000
job__cast_info_person_role_id__char_name_id__T96__tierb	WIN	363249	276112	-87137	-23.988	3.000		LOSS	973321	1047224	73903	7.593	3.000		63	2077	363191	274028	1338006	1321908	60000	58000
job__cast_info_role_id__role_type_id__T16__tierb	LOSS	194984	201047	6063	3.109	3.000		TIE	412619	420529	7910	1.917	3.000		6	1478	194966	199553	607574	621308	101000	109000
job__cast_info_role_id__role_type_id__T96__tierb	TIE	234326	240265	5939	2.535	3.000		TIE	524243	512763	-11480	-2.190	3.000		173	2311	234140	237954	759517	753028	41000	42000
job__complete_cast_movie_id__movie_link_movie_id__T16__tierb	LOSS	728	877	149	20.467	3.310		TIE	774	791	17	2.196	3.722		0	7	728	870	1510	1669	6000	13000
job__complete_cast_movie_id__movie_link_movie_id__T96__tierb	TIE	1005	955	-50	-4.975	13.382		TIE	824	824	0	0.000	6.976		0	7	1005	948	1816	1752	16000	17000
job__complete_cast_status_id__comp_cast_type_id__T16__tierb	LOSS	682	1032	350	51.320	18.205		LOSS	1896	2299	403	21.255	17.402		0	7	682	1026	2547	3432	7000	13000
job__complete_cast_status_id__comp_cast_type_id__T96__tierb	TIE	1051	1162	111	10.561	16.145		TIE	2609	2371	-238	-9.122	14.351		0	6	1051	1156	3749	3563	17000	17000
job__complete_cast_subject_id__comp_cast_type_id__T16__tierb	LOSS	822	1201	379	46.107	16.626		LOSS	1791	2159	368	20.547	14.568		0	7	822	1194	2613	3360	7000	13000
job__complete_cast_subject_id__comp_cast_type_id__T96__tierb	TIE	1262	1080	-182	-14.422	29.387		TIE	2229	2091	-138	-6.191	18.949		0	7	1262	1073	3401	3170	17000	17000
job__movie_companies_company_id__company_name_id__T16__tierb	WIN	25727	20320	-5407	-21.017	4.363		LOSS	92658	113379	20721	22.363	3.000		0	162	25726	20158	118264	133441	23000	32000
job__movie_companies_company_id__company_name_id__T96__tierb	WIN	34127	25154	-8973	-26.293	3.000		LOSS	107867	116113	8246	7.645	3.000		7	274	34120	24858	141107	141267	27000	27000
job__movie_companies_company_id__company_name_id__filtered__T16__tierb	LOSS	24706	27630	2924	11.835	3.000		LOSS	8238	9489	1251	15.186	3.000		0	124	24706	27505	33011	37212	15000	22000
job__movie_companies_company_id__company_name_id__filtered__T96__tierb	LOSS	26223	29270	3047	11.620	3.000		LOSS	10064	10543	479	4.760	3.361		1	205	26222	29074	36227	39832	25000	24000
job__movie_companies_company_type_id__company_type_id__T16__tierb	LOSS	13137	14525	1388	10.566	3.000		TIE	30530	30507	-23	-0.075	3.000		0	143	13137	14384	43632	45110	14000	19000
job__movie_companies_company_type_id__company_type_id__T96__tierb	LOSS	15781	16922	1141	7.230	3.000		TIE	36584	37435	851	2.326	4.297		11	258	15769	16680	52161	54511	19000	20000
job__movie_companies_company_type_id__company_type_id__filtered__T16__tierb	LOSS	8870	11102	2232	25.163	3.000		LOSS	17127	18493	1366	7.976	6.749		0	133	8867	10975	26118	29625	12000	18000
job__movie_companies_company_type_id__company_type_id__filtered__T96__tierb	LOSS	9887	11925	2038	20.613	4.714		TIE	20604	19976	-628	-3.048	3.983		1	225	9885	11700	30567	31858	20000	22000
job__movie_companies_movie_id__aka_title_movie_id__T16__tierb	WIN	33029	27685	-5344	-16.180	3.000		LOSS	73438	80460	7022	9.562	3.000		0	166	33029	27490	106271	108145	21000	28000
job__movie_companies_movie_id__aka_title_movie_id__T96__tierb	WIN	37087	33273	-3814	-10.284	5.157		TIE	91755	95938	4183	4.559	5.941		5	271	37084	33002	129426	129456	26000	26000
job__movie_companies_movie_id__complete_cast_movie_id__T16__tierb	WIN	27025	24479	-2546	-9.421	3.000		LOSS	38507	41154	2647	6.874	3.000		0	154	27025	24322	65552	65621	16000	23000
job__movie_companies_movie_id__complete_cast_movie_id__T96__tierb	WIN	29138	27288	-1850	-6.349	3.000		TIE	44438	45572	1134	2.552	3.000		3	253	29136	27054	73820	72719	23000	23000
job__movie_companies_movie_id__movie_info_idx_movie_id__T16__tierb	WIN	37227	31398	-5829	-15.658	3.000		LOSS	102787	128294	25507	24.815	3.000		0	187	37226	31207	140288	159495	28000	40000
job__movie_companies_movie_id__movie_info_idx_movie_id__T96__tierb	WIN	47551	40850	-6701	-14.092	3.000		LOSS	140120	153609	13489	9.627	3.000		7	273	47544	40581	187812	194206	31000	30000
job__movie_companies_movie_id__movie_link_linked_movie_id__T16__tierb	LOSS	19127	22797	3670	19.188	3.000		TIE	28723	29510	787	2.740	3.000		1	140	19126	22653	47822	52333	13000	20000
job__movie_companies_movie_id__movie_link_linked_movie_id__T96__tierb	LOSS	20602	23949	3347	16.246	3.000		TIE	30865	31247	382	1.238	3.000		2	226	20598	23723	51548	55082	21000	21000
job__movie_companies_movie_id__movie_link_movie_id__T16__tierb	LOSS	10786	13672	2886	26.757	3.000		TIE	14712	14594	-118	-0.802	3.000		0	114	10786	13558	25483	28187	12000	18000
job__movie_companies_movie_id__movie_link_movie_id__T96__tierb	LOSS	12814	16101	3287	25.652	3.000		TIE	15986	15656	-330	-2.064	3.000		1	193	12813	15929	28793	31746	21000	22000
job__movie_companies_movie_id__title_id__T16__tierb	WIN	32297	29267	-3030	-9.382	3.000		LOSS	54899	67752	12853	23.412	3.635		0	171	32296	29103	87271	96773	29000	46000
job__movie_companies_movie_id__title_id__T96__tierb	LOSS	78839	141507	62668	79.489	7.334		LOSS	85987	94317	8330	9.688	3.000		1	207	78838	141318	164197	237427	42000	38000
job__movie_companies_movie_id__title_id__filtered__T16__tierb	WIN	28601	26563	-2038	-7.126	3.000		LOSS	22084	25952	3868	17.515	3.000		0	143	28601	26400	50767	53166	22000	33000
job__movie_companies_movie_id__title_id__filtered__T96__tierb	TIE	41611	55317	13706	32.938	33.568		LOSS	30240	40770	10530	34.821	3.509		5	233	41604	55081	71638	96087	40000	39000
job__movie_info_idx_info_type_id__info_type_id__T16__tierb	WIN	7447	6745	-702	-9.427	3.381		LOSS	15748	17117	1369	8.693	3.000		0	59	7447	6686	23134	23974	10000	15000
job__movie_info_idx_info_type_id__info_type_id__T96__tierb	TIE	8558	7919	-639	-7.467	21.242		TIE	17958	17448	-510	-2.840	18.055		0	88	8557	7829	26195	25267	19000	18000
job__movie_info_idx_info_type_id__info_type_id__filtered__T16__tierb	LOSS	2117	3218	1101	52.008	3.000		WIN	316	300	-16	-5.063	3.605		0	50	2117	3168	2440	3521	7000	13000
job__movie_info_idx_info_type_id__info_type_id__filtered__T96__tierb	LOSS	2401	3567	1166	48.563	3.883		TIE	417	404	-13	-3.118	8.115		0	67	2401	3506	2831	3979	16000	18000
job__movie_info_idx_movie_id__complete_cast_movie_id__T16__tierb	LOSS	10591	12182	1591	15.022	3.123		LOSS	16711	18517	1806	10.807	3.000		0	65	10591	12117	27076	30691	11000	18000
job__movie_info_idx_movie_id__complete_cast_movie_id__T96__tierb	TIE	11432	11858	426	3.726	4.776		TIE	18569	18463	-106	-0.571	3.000		1	89	11432	11769	30083	30298	22000	22000
job__movie_info_idx_movie_id__movie_link_linked_movie_id__T16__tierb	LOSS	7434	9503	2069	27.832	3.120		LOSS	11586	11969	383	3.306	3.000		0	58	7434	9446	19096	21441	9000	16000
job__movie_info_idx_movie_id__movie_link_linked_movie_id__T96__tierb	LOSS	8599	10150	1551	18.037	5.726		TIE	12524	12403	-121	-0.966	3.000		0	78	8598	10083	21026	22767	19000	20000
job__movie_info_idx_movie_id__movie_link_movie_id__T16__tierb	LOSS	5507	7264	1757	31.905	3.623		TIE	7360	7376	16	0.217	3.000		0	53	5507	7212	12874	14756	8000	15000
job__movie_info_idx_movie_id__movie_link_movie_id__T96__tierb	LOSS	6602	8143	1541	23.341	3.749		TIE	8073	7839	-234	-2.899	3.000		0	73	6602	8073	14652	15906	19000	19000
job__movie_info_info_type_id__info_type_id__T16__tierb	WIN	83934	74850	-9084	-10.823	3.000		TIE	173948	176636	2688	1.545	3.000		8	1173	83926	73656	257737	251760	100000	111000
job__movie_info_info_type_id__info_type_id__T96__tierb	TIE	97761	97527	-234	-0.239	3.000		TIE	204576	208947	4371	2.137	3.000		59	1386	97700	96105	301656	306671	86000	87000
job__movie_info_info_type_id__info_type_id__filtered__T16__tierb	LOSS	25305	37616	12311	48.650	3.000		TIE	6454	6849	395	6.120	10.882		1	748	25302	36831	31716	44469	83000	94000
job__movie_info_info_type_id__info_type_id__filtered__T96__tierb	LOSS	26667	38632	11965	44.868	3.000		WIN	7344	7089	-255	-3.472	3.000		3	976	26666	37677	34205	45776	81000	84000
job__movie_info_movie_id__aka_title_movie_id__T16__tierb	WIN	196931	161091	-35840	-18.199	3.000		LOSS	443740	497373	53633	12.087	3.000		1	1491	196929	159572	640404	658585	124000	136000
job__movie_info_movie_id__aka_title_movie_id__T96__tierb	WIN	247908	208239	-39669	-16.002	3.000		LOSS	671006	697936	26930	4.013	3.000		67	1745	247849	206468	915938	905544	96000	96000
job__movie_info_movie_id__complete_cast_movie_id__T16__tierb	WIN	159590	142691	-16899	-10.589	3.000		LOSS	236558	254835	18277	7.726	3.000		0	1379	159577	141284	396208	397352	101000	114000
job__movie_info_movie_id__complete_cast_movie_id__T96__tierb	WIN	177416	167684	-9732	-5.485	3.000		TIE	363585	370641	7056	1.941	3.000		37	1507	177378	166156	541583	538808	88000	91000
job__movie_info_movie_id__movie_companies_movie_id__T16__tierb	WIN	214798	183011	-31787	-14.799	3.000		LOSS	1828069	2147908	319839	17.496	3.000		15	1794	214744	181222	2042366	2329875	331000	376000
job__movie_info_movie_id__movie_companies_movie_id__T96__tierb	WIN	442756	392168	-50588	-11.426	4.750		LOSS	3368981	3542635	173654	5.154	3.000		78	2023	442664	390145	3807850	3942164	150000	147000
job__movie_info_movie_id__movie_info_idx_movie_id__T16__tierb	WIN	216706	171300	-45406	-20.953	3.000		LOSS	608051	722564	114513	18.833	3.000		2	1473	216693	169776	824790	894892	152000	171000
job__movie_info_movie_id__movie_info_idx_movie_id__T96__tierb	WIN	323372	245426	-77946	-24.104	3.000		LOSS	949005	1042739	93734	9.877	3.000		95	1765	323259	243672	1271525	1287274	101000	102000
job__movie_info_movie_id__movie_keyword_movie_id__T16__tierb	WIN	249195	190789	-58406	-23.438	3.000		LOSS	1282207	1570343	288136	22.472	3.000		8	2105	249192	188678	1531287	1760802	606000	639000
job__movie_info_movie_id__movie_keyword_movie_id__T96__tierb	WIN	490274	330581	-159693	-32.572	3.000		TIE	3051593	3125919	74326	2.436	3.000		115	2363	490131	328262	3546264	3456500	260000	260000
job__movie_info_movie_id__movie_link_movie_id__T16__tierb	LOSS	68130	87405	19275	28.292	3.000		TIE	91750	91517	-233	-0.254	3.000		1	1115	68116	86268	160132	178746	88000	101000
job__movie_info_movie_id__movie_link_movie_id__T96__tierb	LOSS	66733	84746	18013	26.993	3.000		WIN	102992	98614	-4378	-4.251	3.000		6	943	66730	83799	170055	183148	85000	88000
job__movie_info_movie_id__title_id__T16__tierb	WIN	188684	155075	-33609	-17.812	3.000		LOSS	339127	401519	62392	18.398	3.000		1	1392	188673	153683	528751	557454	130000	155000
job__movie_info_movie_id__title_id__T96__tierb	WIN	383858	319224	-64634	-16.838	4.549		LOSS	587061	649735	62674	10.676	3.000		56	1503	383805	317721	968146	962880	111000	107000
job__movie_info_movie_id__title_id__filtered__T16__tierb	WIN	175353	154149	-21204	-12.092	3.000		LOSS	167662	193398	25736	15.350	3.000		0	1278	175353	152871	343174	347567	108000	126000
job__movie_info_movie_id__title_id__filtered__T96__tierb	WIN	283787	270302	-13485	-4.752	3.677		LOSS	320609	360984	40375	12.593	3.000		54	1457	283744	268845	607373	629753	107000	107000
job__movie_keyword_keyword_id__keyword_id__T16__tierb	WIN	37673	27426	-10247	-27.200	3.000		LOSS	77458	86304	8846	11.420	3.000		0	121	37673	27313	114952	113730	21000	27000
job__movie_keyword_keyword_id__keyword_id__T96__tierb	WIN	42391	32197	-10194	-24.048	6.324		TIE	95468	93860	-1608	-1.684	9.701		0	247	42391	31954	137212	124913	26000	26000
job__movie_keyword_keyword_id__keyword_id__filtered__T16__tierb	LOSS	10800	14367	3567	33.028	3.000		WIN	1693	1635	-58	-3.426	3.000		0	85	10785	14285	12459	16050	8000	13000
job__movie_keyword_keyword_id__keyword_id__filtered__T96__tierb	LOSS	13550	17567	4017	29.646	3.000		WIN	2625	2520	-105	-4.000	3.875		0	235	13550	17336	16178	20155	18000	19000
job__movie_keyword_movie_id__aka_title_movie_id__T16__tierb	LOSS	30620	33263	2643	8.632	4.855		LOSS	109573	132519	22946	20.941	3.604		0	118	30620	33145	140188	165638	22000	32000
job__movie_keyword_movie_id__aka_title_movie_id__T96__tierb	LOSS	34385	42334	7949	23.118	3.036		TIE	173871	179321	5450	3.135	5.201		0	262	34385	42077	207252	221689	28000	28000
job__movie_keyword_movie_id__complete_cast_movie_id__T16__tierb	LOSS	24173	30240	6067	25.098	3.434		LOSS	43747	47418	3671	8.391	3.000		0	100	24173	30129	67933	77967	15000	22000
job__movie_keyword_movie_id__complete_cast_movie_id__T96__tierb	LOSS	30440	36540	6100	20.039	5.105		LOSS	51315	53007	1692	3.297	3.000		0	250	30439	36266	81746	89547	23000	24000
job__movie_keyword_movie_id__movie_companies_movie_id__T16__tierb	LOSS	41698	45493	3795	9.101	6.771		LOSS	616624	689562	72938	11.829	3.000		0	145	41698	45349	658322	734609	92000	117000
job__movie_keyword_movie_id__movie_companies_movie_id__T96__tierb	LOSS	72545	136962	64417	88.796	10.558		TIE	887807	911550	23743	2.674	3.000		3	248	72544	136729	958145	1051889	67000	65000
job__movie_keyword_movie_id__movie_info_idx_movie_id__T16__tierb	LOSS	34881	37212	2331	6.683	4.016		LOSS	175264	201214	25950	14.806	3.000		0	110	34881	37099	209637	238759	31000	44000
job__movie_keyword_movie_id__movie_info_idx_movie_id__T96__tierb	LOSS	43859	52950	9091	20.728	5.974		TIE	240150	242222	2072	0.863	3.738		2	266	43858	52673	285881	296151	33000	33000
job__movie_keyword_movie_id__movie_link_movie_id__T16__tierb	LOSS	11842	16914	5072	42.831	4.667		TIE	14469	14182	-287	-1.984	3.000		0	88	11842	16822	26364	31068	10000	17000
job__movie_keyword_movie_id__movie_link_movie_id__T96__tierb	LOSS	17311	20970	3659	21.137	7.062		WIN	16111	15104	-1007	-6.250	3.616		0	226	17311	20736	33449	36313	22000	22000
job__movie_keyword_movie_id__title_id__T16__tierb	LOSS	37607	41747	4140	11.009	8.828		LOSS	83028	100562	17534	21.118	3.670		0	125	37607	41619	120631	139590	30000	48000
job__movie_keyword_movie_id__title_id__T96__tierb	LOSS	66107	130165	64058	96.900	10.744		TIE	118675	116111	-2564	-2.161	14.410		1	214	66106	129953	181137	245137	44000	40000
job__movie_keyword_movie_id__title_id__filtered__T16__tierb	LOSS	25316	29589	4273	16.879	3.021		LOSS	24795	27889	3094	12.478	3.000		0	96	25316	29492	50110	57148	20000	31000
job__movie_keyword_movie_id__title_id__filtered__T96__tierb	LOSS	38546	100171	61625	159.874	18.093		LOSS	30086	32388	2302	7.651	4.409		0	231	38546	99917	68903	131954	40000	39000
job__movie_link_link_type_id__link_type_id__T16__tierb	TIE	177	175	-2	-1.130	4.544		TIE	354	351	-3	-0.847	3.182		0	4	177	171	530	539	5000	10000
job__movie_link_link_type_id__link_type_id__T96__tierb	TIE	234	180	-54	-23.077	25.283		WIN	635	365	-270	-42.520	35.423		0	5	234	175	852	552	14000	14000
job__name_id__aka_name_person_id__T16__tierb	WIN	58717	52131	-6586	-11.217	3.000		LOSS	90759	99759	9000	9.916	3.000		0	425	58717	51730	149482	151628	29000	38000
job__name_id__aka_name_person_id__T96__tierb	WIN	87454	75764	-11690	-13.367	3.251		LOSS	141868	152203	10335	7.285	3.000		8	472	87441	75281	229162	228750	29000	29000
job__name_id__person_info_person_id__T16__tierb	LOSS	61477	90017	28540	46.424	6.393		LOSS	244738	311304	66566	27.199	3.000		0	472	61477	89531	306367	402903	71000	127000
job__name_id__person_info_person_id__T96__tierb	LOSS	285657	479320	193663	67.796	7.062		LOSS	500833	525606	24773	4.946	3.000		3	478	285656	478822	787868	997911	101000	88000
job__person_info_info_type_id__info_type_id__T16__tierb	WIN	19069	16865	-2204	-11.558	3.000		TIE	37593	38016	423	1.125	3.000		1	507	19069	16389	56652	54888	32000	39000
job__person_info_info_type_id__info_type_id__T96__tierb	WIN	19509	18045	-1464	-7.504	3.000		TIE	37822	38254	432	1.142	3.000		2	497	19507	17551	57268	56307	27000	27000
job__person_info_info_type_id__info_type_id__filtered__T16__tierb	LOSS	6102	8177	2075	34.005	3.000		LOSS	2263	2553	290	12.815	3.000		0	77	6102	8100	8370	10718	24000	31000
job__person_info_info_type_id__info_type_id__filtered__T96__tierb	LOSS	6741	9228	2487	36.894	3.000		TIE	2893	2941	48	1.659	3.000		0	425	6740	8803	9651	12171	25000	26000
job__person_info_person_id__aka_name_person_id__T16__tierb	WIN	34440	27497	-6943	-20.160	3.000		LOSS	97444	120872	23428	24.043	3.000		2	656	34439	26867	131884	148360	47000	58000
job__person_info_person_id__aka_name_person_id__T96__tierb	WIN	59605	48044	-11561	-19.396	3.000		LOSS	154339	166542	12203	7.907	3.000		12	779	59572	47265	212577	216386	34000	35000
job__title_id__aka_title_movie_id__T16__tierb	WIN	33838	27902	-5936	-17.542	3.000		LOSS	40836	43794	2958	7.244	3.000		1	153	33837	27725	74601	71715	17000	25000
job__title_id__aka_title_movie_id__T96__tierb	WIN	35698	30809	-4889	-13.695	3.000		TIE	45819	46938	1119	2.442	3.000		2	231	35697	30561	81665	77933	25000	24000
job__title_id__complete_cast_movie_id__T16__tierb	WIN	29315	24427	-4888	-16.674	3.000		LOSS	26248	27402	1154	4.397	3.000		2	144	29315	24284	55546	51923	15000	21000
job__title_id__complete_cast_movie_id__T96__tierb	WIN	31083	26695	-4388	-14.117	3.000		TIE	29406	29165	-241	-0.820	3.000		2	229	31083	26460	60559	56113	23000	24000
job__title_id__movie_info_idx_movie_id__T16__tierb	WIN	37617	32162	-5455	-14.501	3.000		LOSS	63817	72749	8932	13.996	3.000		0	158	37617	32004	101518	104779	23000	33000
job__title_id__movie_info_idx_movie_id__T96__tierb	WIN	42870	38470	-4400	-10.264	4.653		LOSS	78544	85874	7330	9.332	3.000		5	257	42867	38209	121760	123954	28000	28000
job__title_id__movie_link_linked_movie_id__T16__tierb	LOSS	19238	22515	3277	17.034	3.000		TIE	21216	21378	162	0.764	3.000		0	132	19236	22388	40399	43889	13000	20000
job__title_id__movie_link_linked_movie_id__T96__tierb	LOSS	20294	23688	3394	16.724	3.000		TIE	22148	21979	-169	-0.763	3.000		0	207	20293	23478	42424	45818	21000	22000
job__title_id__movie_link_movie_id__T16__tierb	LOSS	10772	13968	3196	29.670	3.000		LOSS	13318	13778	460	3.454	3.000		0	104	10770	13872	24118	27746	12000	20000
job__title_id__movie_link_movie_id__T96__tierb	LOSS	12247	15473	3226	26.341	3.000		TIE	14448	14372	-76	-0.526	3.000		0	183	12247	15290	26775	29860	21000	22000
job__title_kind_id__kind_type_id__T16__tierb	TIE	13822	14090	268	1.939	3.000		TIE	29221	29725	504	1.725	3.000		1	143	13819	13949	43079	43826	14000	19000
job__title_kind_id__kind_type_id__T96__tierb	LOSS	14878	15896	1018	6.842	3.000		TIE	31786	31271	-515	-1.620	3.000		4	235	14875	15660	46827	47091	20000	20000
stackoverflow__badges_UserId__users_Id__T16__tierb	WIN	1483039	1091832	-391207	-26.379	3.000		LOSS	1469013	1534409	65396	4.452	3.000		21	2965	1483029	1088867	2952052	2623807	517000	644000
stackoverflow__badges_UserId__users_Id__T96__tierb	WIN	2226459	1979019	-247440	-11.114	3.354		LOSS	1935628	2217630	282002	14.569	3.000		46	4254	2226425	1974514	4163247	4181723	355000	288000
stackoverflow__comments_PostId__posts_Id__T16__tierb	WIN	4260097	3455215	-804882	-18.894	3.000		LOSS	3050227	3301712	251485	8.245	3.000		30	4094	4260088	3450914	7309524	6760518	1146000	1480000
stackoverflow__comments_PostId__posts_Id__T96__tierb	LOSS	8065051	10384945	2319894	28.765	3.000		LOSS	3763137	4615053	851916	22.638	3.000		25	6346	8064991	10378405	11876397	15026879	735000	606000
stackoverflow__comments_UserId__users_Id__T16__tierb	WIN	3574477	2435035	-1139442	-31.877	3.000		LOSS	13791980	19309585	5517605	40.006	3.000		21	5189	3574462	2430118	17366457	21754119	1533000	1947000
stackoverflow__comments_UserId__users_Id__T96__tierb	WIN	3768967	3227426	-541541	-14.368	3.000		LOSS	19105191	21186620	2081429	10.895	3.000		37	5780	3768944	3221666	22885587	24424240	570000	518000
stackoverflow__postlinks_RelatedPostId__posts_Id__T16__tierb	LOSS	401542	635038	233496	58.150	3.000		LOSS	1137757	1914886	777129	68.304	3.000		0	439	401542	634587	1539299	2549568	521000	896000
stackoverflow__postlinks_RelatedPostId__posts_Id__T96__tierb	LOSS	1973962	3640968	1667006	84.450	7.367		LOSS	1965384	2232235	266851	13.578	3.000		3	491	1973960	3640493	3973079	5885736	582000	455000
stackoverflow__posts_OwnerUserId__users_Id__T16__tierb	WIN	2863176	2158387	-704789	-24.616	3.000		LOSS	11117250	15406715	4289465	38.584	3.000		26	4896	2863163	2153516	13982142	17563847	1268000	1635000
stackoverflow__posts_OwnerUserId__users_Id__T96__tierb	WIN	3362584	2946846	-415738	-12.364	3.000		LOSS	16846539	18497008	1650469	9.797	3.000		34	5306	3362550	2941427	20204919	21443854	538000	485000
stackoverflow__votes_PostId__posts_Id__T16__tierb	WIN	8182928	6277337	-1905591	-23.287	3.000		TIE	6365372	6512783	147411	2.316	3.000		47	9195	8182877	6268221	14547994	12782355	1726000	1903000
stackoverflow__votes_PostId__posts_Id__T96__tierb	LOSS	9988229	10780551	792322	7.933	3.000		LOSS	7322194	8005633	683439	9.334	3.000		112	13198	9988156	10767481	17277598	18881216	793000	662000
tpcds__catalog_returns_cr_call_center_sk__call_center_cc_call_center_sk__T16__tierb	TIE	52580	53465	885	1.683	3.000		TIE	233030	239210	6180	2.652	3.000		1	705	52571	52755	285667	292532	47000	54000
tpcds__catalog_returns_cr_call_center_sk__call_center_cc_call_center_sk__T96__tierb	LOSS	61011	63654	2643	4.332	3.000		WIN	355034	337244	-17790	-5.011	3.000		46	817	60969	62845	415622	402124	30000	30000
tpcds__catalog_returns_cr_item_sk__item_i_item_sk__T16__tierb	WIN	62363	59481	-2882	-4.621	3.000		LOSS	168534	202497	33963	20.152	3.000		0	425	62363	59080	230705	262370	45000	54000
tpcds__catalog_returns_cr_item_sk__item_i_item_sk__T96__tierb	TIE	82791	79462	-3329	-4.021	7.322		TIE	329604	320473	-9131	-2.770	9.911		1	563	82790	78892	413181	399935	33000	34000
tpcds__catalog_returns_cr_item_sk__item_i_item_sk__filtered__T16__tierb	LOSS	34546	38852	4306	12.465	3.000		LOSS	27876	31238	3362	12.061	3.000		0	320	34546	38539	62422	69977	25000	33000
tpcds__catalog_returns_cr_item_sk__item_i_item_sk__filtered__T96__tierb	LOSS	37357	40995	3638	9.738	3.000		TIE	41540	40101	-1439	-3.464	3.605		0	396	37357	40580	78889	80974	28000	30000
tpcds__catalog_returns_cr_returned_date_sk__date_dim_d_date_sk__T16__tierb	WIN	94135	81518	-12617	-13.403	6.331		TIE	109353	110866	1513	1.384	3.000		0	423	94135	81144	203698	192098	37000	43000
tpcds__catalog_returns_cr_returned_date_sk__date_dim_d_date_sk__T96__tierb	WIN	122060	101319	-20741	-16.992	8.995		TIE	128286	125147	-3139	-2.447	3.000		1	567	122040	100769	249072	225796	28000	29000
tpcds__catalog_returns_cr_returned_date_sk__date_dim_d_date_sk__filtered__T16__tierb	LOSS	37243	46499	9256	24.853	3.000		LOSS	36013	39875	3862	10.724	3.203		0	382	37243	46117	73318	86558	23000	32000
tpcds__catalog_returns_cr_returned_date_sk__date_dim_d_date_sk__filtered__T96__tierb	LOSS	40814	47194	6380	15.632	3.000		WIN	54067	50701	-3366	-6.226	3.254		1	422	40813	46802	94444	98223	24000	26000
tpcds__catalog_returns_cr_returning_addr_sk__customer_address_ca_address_sk__T16__tierb	WIN	119728	96109	-23619	-19.727	3.000		LOSS	649434	778704	129270	19.905	3.000		1	727	119728	95371	769958	875512	82000	98000
tpcds__catalog_returns_cr_returning_addr_sk__customer_address_ca_address_sk__T96__tierb	WIN	161749	139886	-21863	-13.517	3.000		LOSS	745135	898722	153587	20.612	6.577		29	855	161727	139076	908840	1036593	42000	44000
tpcds__catalog_sales_cs_bill_addr_sk__customer_address_ca_address_sk__T16__tierb	WIN	1142444	866974	-275470	-24.112	3.000		LOSS	5928034	7319678	1391644	23.476	3.000		21	4601	1142416	862754	7071242	8191429	657000	736000
tpcds__catalog_sales_cs_bill_addr_sk__customer_address_ca_address_sk__T96__tierb	WIN	1653405	1472401	-181004	-10.947	3.000		LOSS	7289903	8189343	899440	12.338	3.000		286	6691	1653150	1465885	8939777	9681470	164000	174000
tpcds__catalog_sales_cs_bill_cdemo_sk__customer_demographics_cd_demo_sk__T16__tierb	WIN	1362863	1135530	-227333	-16.681	3.000		LOSS	5846577	7802639	1956062	33.457	3.000		14	4595	1362853	1131119	7211657	8937262	666000	789000
tpcds__catalog_sales_cs_bill_cdemo_sk__customer_demographics_cd_demo_sk__T96__tierb	WIN	2397180	1859224	-537956	-22.441	3.000		LOSS	8411833	9564376	1152543	13.701	3.000		235	6363	2396945	1852877	10805735	11410978	185000	193000
tpcds__catalog_sales_cs_bill_customer_sk__customer_c_customer_sk__T16__tierb	WIN	1235206	1046559	-188647	-15.273	3.000		LOSS	8472835	11165568	2692733	31.781	3.000		21	4755	1235185	1041917	9709941	12205333	834000	1017000
tpcds__catalog_sales_cs_bill_customer_sk__customer_c_customer_sk__T96__tierb	WIN	2130612	1741027	-389585	-18.285	3.000		LOSS	11895280	12688070	792790	6.665	3.000		157	6337	2130447	1734803	14015854	14434955	235000	238000
tpcds__catalog_sales_cs_bill_customer_sk__store_returns_sr_customer_sk__T16__tierb	NO-VERDICT						harness voided: jbmt unit status OVER_BUDGET: arm baseline warmup 0 took 600.1s > unit-time-budget 30.0s (and failed: rc=159 stderr=Received exception from server (version 26.8.1): Code: 159. DB::Exception: Received from localhost:9005. D); unit skipped before any timed run	NO-VERDICT						harness voided: jbmt unit status OVER_BUDGET: arm baseline warmup 0 took 600.1s > unit-time-budget 30.0s (and failed: rc=159 stderr=Received exception from server (version 26.8.1): Code: 159. DB::Exception: Received from localhost:9005. D); unit skipped before any timed run	0	0	0	0	0	0		
tpcds__catalog_sales_cs_bill_customer_sk__store_returns_sr_customer_sk__T96__tierb	NO-VERDICT						harness voided: jbmt unit status OVER_BUDGET: arm baseline warmup 0 took 270.7s > unit-time-budget 30.0s; unit skipped before any timed run	NO-VERDICT						harness voided: jbmt unit status OVER_BUDGET: arm baseline warmup 0 took 270.7s > unit-time-budget 30.0s; unit skipped before any timed run	0	0	0	0	0	0		
tpcds__catalog_sales_cs_bill_hdemo_sk__household_demographics_hd_demo_sk__T16__tierb	LOSS	1213638	1300194	86556	7.132	3.000		LOSS	1598765	1674672	75907	4.748	3.000		16	4389	1213625	1295705	2810680	2977601	348000	366000
tpcds__catalog_sales_cs_bill_hdemo_sk__household_demographics_hd_demo_sk__T96__tierb	LOSS	1347873	1416999	69126	5.129	3.000		WIN	2396112	2302960	-93152	-3.888	3.000		228	6101	1347683	1410905	3751496	3718409	98000	99000
tpcds__catalog_sales_cs_call_center_sk__call_center_cc_call_center_sk__T16__tierb	TIE	509836	522905	13069	2.563	3.000		TIE	2310743	2310923	180	0.008	3.000		16	4294	509809	518291	2819587	2834725	368000	377000
tpcds__catalog_sales_cs_call_center_sk__call_center_cc_call_center_sk__T96__tierb	TIE	665086	670766	5680	0.854	3.000		WIN	3795073	3515026	-280047	-7.379	3.000		553	6550	664520	663781	4461786	4187162	112000	111000
tpcds__catalog_sales_cs_catalog_page_sk__catalog_page_cp_catalog_page_sk__T16__tierb	LOSS	829943	869998	40055	4.826	3.000		TIE	1111560	1112731	1171	0.105	3.000		28	4206	829906	865901	1940243	1978689	278000	287000
tpcds__catalog_sales_cs_catalog_page_sk__catalog_page_cp_catalog_page_sk__T96__tierb	TIE	977962	1000668	22706	2.322	3.000		WIN	1900721	1746897	-153824	-8.093	3.000		777	6221	977202	994447	2879940	2747489	86000	86000
tpcds__catalog_sales_cs_item_sk__catalog_returns_cr_item_sk__composite__T16__tierb	WIN	1979993	1846580	-133413	-6.738	4.627		WIN	96680	92755	-3925	-4.060	3.000		13	2487	1979990	1844268	2076729	1938076	244000	392000
tpcds__catalog_sales_cs_item_sk__catalog_returns_cr_item_sk__composite__T96__tierb	WIN	4153900	3719453	-434447	-10.459	3.000		LOSS	200476	245492	45016	22.455	3.000		34	3443	4153866	3715714	4353919	3964959	127000	130000
tpcds__catalog_sales_cs_item_sk__item_i_item_sk__T16__tierb	WIN	571580	511596	-59984	-10.494	3.000		LOSS	1653655	1875441	221786	13.412	3.000		13	3737	571579	507885	2225891	2386035	339000	358000
tpcds__catalog_sales_cs_item_sk__item_i_item_sk__T96__tierb	TIE	707626	725068	17442	2.465	3.000		WIN	3319814	3150588	-169226	-5.097	3.000		280	6116	707416	718794	4036747	3878050	115000	114000
tpcds__catalog_sales_cs_item_sk__item_i_item_sk__filtered__T16__tierb	LOSS	274295	326395	52100	18.994	3.000		LOSS	244859	268938	24079	9.834	3.000		14	2964	274284	323400	518896	594114	134000	147000
tpcds__catalog_sales_cs_item_sk__item_i_item_sk__filtered__T96__tierb	LOSS	344712	382171	37459	10.867	3.000		WIN	456640	434372	-22268	-4.876	3.000		185	5064	344454	376836	800660	816645	58000	59000
tpcds__catalog_sales_cs_item_sk__store_returns_sr_item_sk__T16__tierb	NO-VERDICT						harness voided: jbmt unit status OVER_BUDGET: arm candidate warmup 0 took 32.8s > unit-time-budget 30.0s; unit skipped before any timed run	NO-VERDICT						harness voided: jbmt unit status OVER_BUDGET: arm candidate warmup 0 took 32.8s > unit-time-budget 30.0s; unit skipped before any timed run	0	0	0	0	0	0		
tpcds__catalog_sales_cs_item_sk__store_returns_sr_item_sk__T96__tierb	LOSS	1045467	1479089	433622	41.476	5.271		TIE	299946393	295735107	-4211286	-1.404	3.000		1593	15811	1043825	1462787	301053466	297288162	7951000	7873000
tpcds__catalog_sales_cs_promo_sk__promotion_p_promo_sk__T16__tierb	LOSS	532620	571372	38752	7.276	3.000		TIE	1835326	1887428	52102	2.839	3.000		24	3466	532609	567962	2370477	2460170	324000	338000
tpcds__catalog_sales_cs_promo_sk__promotion_p_promo_sk__T96__tierb	TIE	620754	629941	9187	1.480	3.000		TIE	2330691	2351475	20784	0.892	3.000		262	5713	620369	624256	2949238	2983691	87000	88000
tpcds__catalog_sales_cs_ship_addr_sk__customer_address_ca_address_sk__T16__tierb	WIN	1148558	875728	-272830	-23.754	3.000		LOSS	6028825	7410054	1381229	22.910	3.000		38	4730	1148509	870998	7184378	8284270	664000	743000
tpcds__catalog_sales_cs_ship_addr_sk__customer_address_ca_address_sk__T96__tierb	WIN	1673820	1500527	-173293	-10.353	3.000		LOSS	7267660	8233051	965391	13.283	3.000		313	6664	1673416	1493694	8967721	9716461	166000	173000
tpcds__catalog_sales_cs_ship_customer_sk__customer_c_customer_sk__T16__tierb	WIN	1226343	1037303	-189040	-15.415	3.000		LOSS	8463635	11156623	2692988	31.818	3.000		23	4793	1226294	1032557	9690642	12188484	833000	1011000
tpcds__catalog_sales_cs_ship_customer_sk__customer_c_customer_sk__T96__tierb	WIN	2137905	1732609	-405296	-18.958	3.000		LOSS	11882193	12712298	830105	6.986	3.000		180	6455	2137753	1726098	14049536	14447956	236000	237000
tpcds__catalog_sales_cs_ship_date_sk__date_dim_d_date_sk__T16__tierb	TIE	921009	842828	-78181	-8.489	15.507		TIE	1311257	1328621	17364	1.324	3.000		16	3823	920962	839186	2232615	2171449	290000	294000
tpcds__catalog_sales_cs_ship_date_sk__date_dim_d_date_sk__T96__tierb	WIN	1229595	1024433	-205162	-16.685	4.866		TIE	1751943	1798122	46179	2.636	3.000		54	5276	1229539	1019139	2962920	2838837	85000	87000
tpcds__catalog_sales_cs_ship_date_sk__date_dim_d_date_sk__filtered__T16__tierb	LOSS	339977	412601	72624	21.361	3.000		TIE	328123	334957	6834	2.083	3.000		12	2969	339946	409657	667944	747996	137000	150000
tpcds__catalog_sales_cs_ship_date_sk__date_dim_d_date_sk__filtered__T96__tierb	LOSS	401358	463166	61808	15.400	3.000		WIN	507635	490515	-17120	-3.373	3.000		59	4809	401322	458317	910916	952318	55000	56000
tpcds__catalog_sales_cs_ship_mode_sk__ship_mode_sm_ship_mode_sk__T16__tierb	LOSS	505974	522219	16245	3.211	3.000		TIE	1538419	1504041	-34378	-2.235	3.000		36	4007	505916	518090	2044796	2026260	310000	318000
tpcds__catalog_sales_cs_ship_mode_sk__ship_mode_sm_ship_mode_sk__T96__tierb	LOSS	648544	683752	35208	5.429	3.000		WIN	3266552	2788192	-478360	-14.644	3.000		881	6381	647642	677371	3915096	3465156	103000	100000
tpcds__catalog_sales_cs_sold_date_sk__date_dim_d_date_sk__T16__tierb	WIN	901684	798137	-103547	-11.484	10.625		TIE	1342568	1350923	8355	0.622	3.000		15	4389	901653	793423	2263399	2168234	304000	305000
tpcds__catalog_sales_cs_sold_date_sk__date_dim_d_date_sk__T96__tierb	WIN	1036311	996666	-39645	-3.826	3.020		TIE	1894545	1905028	10483	0.553	3.000		234	6198	1036090	990468	2925872	2905432	88000	90000
tpcds__catalog_sales_cs_sold_date_sk__date_dim_d_date_sk__filtered__T16__tierb	LOSS	279332	352641	73309	26.244	3.000		TIE	338820	343172	4352	1.284	3.000		19	3223	279319	349359	618232	695495	142000	154000
tpcds__catalog_sales_cs_sold_date_sk__date_dim_d_date_sk__filtered__T96__tierb	LOSS	338119	406365	68246	20.184	3.000		TIE	500981	492466	-8515	-1.700	3.000		316	5603	337733	400874	836864	899439	56000	56000
tpcds__catalog_sales_cs_sold_time_sk__time_dim_t_time_sk__T16__tierb	WIN	1565484	1179837	-385647	-24.634	3.000		LOSS	1313458	1579396	265938	20.247	3.000		27	4256	1565459	1175419	2879880	2757037	327000	328000
tpcds__catalog_sales_cs_sold_time_sk__time_dim_t_time_sk__T96__tierb	WIN	1799925	1326032	-473893	-26.328	3.000		LOSS	1720780	1958933	238153	13.840	3.000		63	5406	1799855	1320699	3519384	3287006	91000	91000
tpcds__catalog_sales_cs_warehouse_sk__warehouse_w_warehouse_sk__T16__tierb	TIE	510123	523688	13565	2.659	3.000		TIE	2028365	2041329	12964	0.639	3.000		16	4418	510107	519228	2538725	2564491	345000	355000
tpcds__catalog_sales_cs_warehouse_sk__warehouse_w_warehouse_sk__T96__tierb	LOSS	609918	635138	25220	4.135	3.000		TIE	2815750	2812457	-3293	-0.117	3.000		335	6148	609604	628821	3428423	3448578	98000	99000
tpcds__customer_address_ca_county__store_s_county__T16__tierb	LOSS	2991	3312	321	10.732	3.000		TIE	7264	7434	170	2.340	3.000		0	43	2991	3264	10255	10739	8000	13000
tpcds__customer_address_ca_county__store_s_county__T96__tierb	LOSS	3295	3830	535	16.237	8.967		TIE	8176	7933	-243	-2.972	5.827		0	44	3295	3788	11427	11717	20000	19000
tpcds__customer_address_ca_county__store_s_county__filtered__T16__tierb	LOSS	2733	3265	532	19.466	5.610		LOSS	3913	4317	404	10.325	3.000		0	42	2733	3223	6677	7611	8000	15000
tpcds__customer_address_ca_county__store_s_county__filtered__T96__tierb	LOSS	2982	3549	567	19.014	7.902		TIE	4410	4364	-46	-1.043	3.823		0	44	2982	3502	7476	7886	20000	20000
tpcds__customer_address_ca_state__store_s_state__T16__tierb	LOSS	2439	2982	543	22.263	3.000		LOSS	46982	55518	8536	18.169	3.431		0	48	2439	2935	49374	58514	14000	21000
tpcds__customer_address_ca_state__store_s_state__T96__tierb	LOSS	2622	3036	414	15.789	3.694		LOSS	53619	56326	2707	5.049	4.285		0	46	2622	2984	56173	59305	22000	23000
tpcds__customer_address_ca_state__store_s_state__filtered__T16__tierb	LOSS	1927	2336	409	21.225	3.251		LOSS	14148	19798	5650	39.935	3.000		0	43	1927	2293	16034	22137	10000	15000
tpcds__customer_address_ca_state__store_s_state__filtered__T96__tierb	LOSS	2241	2894	653	29.139	6.409		LOSS	16865	22713	5848	34.675	6.341		0	42	2241	2849	19097	25355	20000	22000
tpcds__customer_address_ca_zip__store_s_zip__T16__tierb	WIN	14527	8707	-5820	-40.063	3.000		TIE	7696	7484	-212	-2.755	3.000		0	36	14514	8675	22205	16229	8000	13000
tpcds__customer_address_ca_zip__store_s_zip__T96__tierb	WIN	14633	9121	-5512	-37.668	3.000		WIN	8572	8125	-447	-5.215	4.008		0	38	14633	9083	23234	17267	19000	19000
tpcds__customer_address_ca_zip__store_s_zip__filtered__T16__tierb	WIN	14256	8729	-5527	-38.770	3.000		LOSS	4902	5116	214	4.366	3.000		0	33	14256	8696	19168	13871	9000	14000
tpcds__customer_address_ca_zip__store_s_zip__filtered__T96__tierb	WIN	11440	9040	-2400	-20.979	3.493		TIE	5665	5464	-201	-3.548	4.376		0	38	11440	9005	17224	14409	20000	19000
tpcds__customer_c_current_addr_sk__customer_address_ca_address_sk__T16__tierb	WIN	13087	12537	-550	-4.203	3.000		LOSS	84997	101280	16283	19.157	3.000		1	162	13087	12372	98021	113846	19000	29000
tpcds__customer_c_current_addr_sk__customer_address_ca_address_sk__T96__tierb	TIE	14832	15094	262	1.766	3.000		LOSS	89696	99534	9838	10.968	3.000		0	246	14832	14850	104574	114994	26000	27000
tpcds__customer_c_current_cdemo_sk__customer_demographics_cd_demo_sk__T16__tierb	TIE	14835	14770	-65	-0.438	3.000		LOSS	76675	97863	21188	27.634	3.000		0	168	14835	14602	91608	112589	22000	37000
tpcds__customer_c_current_cdemo_sk__customer_demographics_cd_demo_sk__T96__tierb	LOSS	20876	29399	8523	40.827	5.366		LOSS	106109	113986	7877	7.423	3.000		1	238	20873	29188	127282	143429	32000	31000
tpcds__customer_c_current_hdemo_sk__household_demographics_hd_demo_sk__T16__tierb	LOSS	14998	16296	1298	8.654	3.000		LOSS	21815	23492	1677	7.687	3.000		0	148	14998	16152	36955	39776	12000	19000
tpcds__customer_c_current_hdemo_sk__household_demographics_hd_demo_sk__T96__tierb	LOSS	15768	16751	983	6.234	3.000		LOSS	22527	23236	709	3.147	3.000		0	166	15768	16585	38363	40107	20000	21000
tpcds__customer_c_customer_sk__catalog_returns_cr_returning_customer_sk__T16__tierb	LOSS	16522	37619	21097	127.690	20.248		LOSS	814562	929214	114652	14.075	3.000		1	237	16521	37389	831149	972223	166000	224000
tpcds__customer_c_customer_sk__catalog_returns_cr_returning_customer_sk__T96__tierb	LOSS	173011	422095	249084	143.970	5.343		TIE	1076156	1092519	16363	1.521	3.000		0	219	173011	421854	1245346	1513881	117000	95000
tpcds__customer_c_first_sales_date_sk__date_dim_d_date_sk__T16__tierb	TIE	11342	10706	-636	-5.607	8.595		LOSS	18898	21044	2146	11.356	3.242		0	113	11342	10586	30610	31838	13000	20000
tpcds__customer_c_first_sales_date_sk__date_dim_d_date_sk__T96__tierb	WIN	15659	13153	-2506	-16.004	9.755		TIE	26916	25324	-1592	-5.915	6.566		2	241	15646	12887	41949	38611	23000	24000
tpcds__customer_c_first_sales_date_sk__date_dim_d_date_sk__filtered__T16__tierb	LOSS	4816	5989	1173	24.356	3.000		TIE	3115	3313	198	6.356	6.057		0	84	4816	5892	7941	9302	10000	17000
tpcds__customer_c_first_sales_date_sk__date_dim_d_date_sk__filtered__T96__tierb	LOSS	7294	7883	589	8.075	5.799		TIE	6136	5959	-177	-2.885	6.007		11	302	7258	7561	13401	13851	23000	24000
tpcds__customer_c_first_shipto_date_sk__date_dim_d_date_sk__T16__tierb	TIE	11212	10603	-609	-5.432	11.407		LOSS	18990	21109	2119	11.159	7.166		0	114	11212	10494	30312	31712	13000	19000
tpcds__customer_c_first_shipto_date_sk__date_dim_d_date_sk__T96__tierb	WIN	15649	14210	-1439	-9.195	7.429		WIN	27759	25706	-2053	-7.396	7.164		4	310	15646	13631	43503	39950	23000	24000
tpcds__customer_c_first_shipto_date_sk__date_dim_d_date_sk__filtered__T16__tierb	LOSS	4875	6123	1248	25.600	3.000		LOSS	3134	3633	499	15.922	6.104		0	89	4870	6027	7982	9736	10000	17000
tpcds__customer_c_first_shipto_date_sk__date_dim_d_date_sk__filtered__T96__tierb	TIE	7407	7757	350	4.725	6.140		TIE	6139	5802	-337	-5.489	8.496		17	231	7391	7542	13568	13543	23000	23000
tpcds__household_demographics_hd_income_band_sk__income_band_ib_income_band_sk__T16__tierb	TIE	65	64	-1	-1.538	22.168		TIE	86	104	18	20.930	24.975		0	3	65	61	152	171	4000	9000
tpcds__household_demographics_hd_income_band_sk__income_band_ib_income_band_sk__T96__tierb	LOSS	67	89	22	32.836	14.399		LOSS	85	129	44	51.765	22.351		0	5	67	84	154	220	14000	14000
tpcds__inventory_inv_date_sk__date_dim_d_date_sk__T16__tierb	WIN	492444	455476	-36968	-7.507	5.236		TIE	951713	964935	13222	1.389	3.000		21	2693	492398	452803	1446333	1417916	210000	218000
tpcds__inventory_inv_date_sk__date_dim_d_date_sk__T96__tierb	LOSS	578916	600657	21741	3.755	3.000		TIE	1092414	1087896	-4518	-0.414	3.000		98	4842	578818	595126	1672290	1691479	65000	68000
tpcds__inventory_inv_date_sk__date_dim_d_date_sk__filtered__T16__tierb	LOSS	182235	246296	64061	35.153	3.000		TIE	210040	211406	1366	0.650	3.000		15	2558	182235	243748	392219	457220	92000	104000
tpcds__inventory_inv_date_sk__date_dim_d_date_sk__filtered__T96__tierb	LOSS	232769	283632	50863	21.851	3.000		TIE	257929	250258	-7671	-2.974	3.000		87	3201	232693	280291	491593	533847	43000	44000
tpcds__inventory_inv_item_sk__catalog_sales_cs_item_sk__T16__tierb	NO-VERDICT						harness voided: jbmt unit status OVER_BUDGET: arm baseline warmup 0 took 144.0s > unit-time-budget 30.0s; unit skipped before any timed run	NO-VERDICT						harness voided: jbmt unit status OVER_BUDGET: arm baseline warmup 0 took 144.0s > unit-time-budget 30.0s; unit skipped before any timed run	0	0	0	0	0	0		
tpcds__inventory_inv_item_sk__catalog_sales_cs_item_sk__T96__tierb	NO-VERDICT						harness voided: jbmt unit status OVER_BUDGET: arm baseline warmup 0 took 36.3s > unit-time-budget 30.0s; unit skipped before any timed run	NO-VERDICT						harness voided: jbmt unit status OVER_BUDGET: arm baseline warmup 0 took 36.3s > unit-time-budget 30.0s; unit skipped before any timed run	0	0	0	0	0	0		
tpcds__inventory_inv_item_sk__item_i_item_sk__T16__tierb	WIN	624773	525261	-99512	-15.928	3.000		LOSS	1496344	1731574	235230	15.720	3.000		16	3284	624757	521844	2122357	2256972	293000	312000
tpcds__inventory_inv_item_sk__item_i_item_sk__T96__tierb	WIN	937010	822513	-114497	-12.219	3.000		WIN	3109180	2949947	-159233	-5.121	3.000		112	5334	936879	817352	4038840	3776391	103000	103000
tpcds__inventory_inv_item_sk__item_i_item_sk__filtered__T16__tierb	LOSS	469618	539930	70312	14.972	3.000		LOSS	268255	316011	47756	17.802	3.000		14	2615	469605	537337	738037	857595	119000	135000
tpcds__inventory_inv_item_sk__item_i_item_sk__filtered__T96__tierb	LOSS	555196	628806	73610	13.258	3.000		TIE	553143	546595	-6548	-1.184	3.000		73	3999	555139	624776	1108936	1180284	53000	54000
tpcds__inventory_inv_warehouse_sk__warehouse_w_warehouse_sk__T16__tierb	LOSS	446511	460366	13855	3.103	3.000		TIE	1491523	1521211	29688	1.990	3.000		11	2899	446500	457376	1937812	1981658	262000	274000
tpcds__inventory_inv_warehouse_sk__warehouse_w_warehouse_sk__T96__tierb	LOSS	518621	534700	16079	3.100	3.000		TIE	2046104	2001046	-45058	-2.202	3.000		129	4996	518470	529728	2562990	2535988	77000	79000
tpcds__store_returns_sr_cdemo_sk__customer_demographics_cd_demo_sk__T16__tierb	WIN	266788	231923	-34865	-13.068	3.000		LOSS	1151953	1537465	385512	33.466	3.000		1	906	266787	231039	1416769	1772299	146000	182000
tpcds__store_returns_sr_cdemo_sk__customer_demographics_cd_demo_sk__T96__tierb	WIN	430912	348405	-82507	-19.147	3.000		LOSS	1657357	1874679	217322	13.113	3.000		26	1158	430889	347267	2082845	2225706	61000	63000
tpcds__store_returns_sr_item_sk__item_i_item_sk__T16__tierb	WIN	121187	110824	-10363	-8.551	3.000		LOSS	332706	394067	61361	18.443	3.000		0	772	121187	110071	453901	505023	78000	90000
tpcds__store_returns_sr_item_sk__item_i_item_sk__T96__tierb	TIE	152700	148884	-3816	-2.499	4.456		TIE	645669	640657	-5012	-0.776	3.000		57	1164	152654	147684	797501	792908	41000	43000
tpcds__store_returns_sr_item_sk__item_i_item_sk__filtered__T16__tierb	LOSS	63132	72235	9103	14.419	3.000		LOSS	52501	58246	5745	10.943	3.000		0	624	63132	71629	115702	130833	38000	46000
tpcds__store_returns_sr_item_sk__item_i_item_sk__filtered__T96__tierb	LOSS	73617	80075	6458	8.772	3.000		WIN	88580	85579	-3001	-3.388	3.000		28	868	73590	79186	162444	165574	31000	33000
tpcds__store_returns_sr_reason_sk__reason_r_reason_sk__T16__tierb	TIE	104285	107504	3219	3.087	3.000		LOSS	400447	415722	15275	3.814	3.000		3	766	104282	106721	504647	521633	80000	87000
tpcds__store_returns_sr_reason_sk__reason_r_reason_sk__T96__tierb	TIE	133480	133948	468	0.351	3.920		TIE	988585	960225	-28360	-2.869	7.660		126	1116	133360	132822	1121669	1093680	41000	42000
tpcds__store_returns_sr_returned_date_sk__date_dim_d_date_sk__T16__tierb	TIE	189728	175272	-14456	-7.619	11.576		TIE	261840	267984	6144	2.346	3.000		0	838	189728	174392	450967	441946	68000	74000
tpcds__store_returns_sr_returned_date_sk__date_dim_d_date_sk__T96__tierb	WIN	250517	233556	-16961	-6.770	6.740		LOSS	366171	382044	15873	4.335	3.000		39	1194	250477	232384	611443	616509	35000	36000
tpcds__store_returns_sr_returned_date_sk__date_dim_d_date_sk__filtered__T16__tierb	LOSS	105163	126113	20950	19.921	3.000		LOSS	78767	81708	2941	3.734	3.000		0	677	105163	125468	183946	208244	40000	48000
tpcds__store_returns_sr_returned_date_sk__date_dim_d_date_sk__filtered__T96__tierb	LOSS	115233	135002	19769	17.156	4.046		WIN	134219	127210	-7009	-5.222	3.000		31	944	115210	134045	251102	262212	29000	30000
tpcds__store_returns_sr_store_sk__store_s_store_sk__T16__tierb	WIN	106414	94855	-11559	-10.862	3.000		TIE	400222	404037	3815	0.953	3.000		0	748	106401	94084	506636	498310	78000	84000
tpcds__store_returns_sr_store_sk__store_s_store_sk__T96__tierb	LOSS	133714	153945	20231	15.130	5.469		WIN	560784	537326	-23458	-4.183	3.000		55	1189	133659	152732	695928	691995	36000	37000
tpcds__store_returns_sr_store_sk__store_s_store_sk__filtered__T16__tierb	LOSS	129730	137365	7635	5.885	3.000		TIE	127932	128761	829	0.648	3.000		0	615	129730	136741	257472	266126	47000	53000
tpcds__store_returns_sr_store_sk__store_s_store_sk__filtered__T96__tierb	LOSS	138669	144194	5525	3.984	3.000		WIN	171407	163770	-7637	-4.455	3.000		20	877	138653	143313	310084	308376	29000	30000
tpcds__store_sales_ss_addr_sk__customer_address_ca_address_sk__T16__tierb	WIN	2249764	1731145	-518619	-23.052	3.000		LOSS	11572707	14107932	2535225	21.907	3.000		73	8896	2249658	1722607	13842830	15861518	1292000	1428000
tpcds__store_sales_ss_addr_sk__customer_address_ca_address_sk__T96__tierb	WIN	3255949	2977741	-278208	-8.545	3.000		LOSS	14209038	15948347	1739309	12.241	3.000		524	13440	3255440	2962042	17500241	18907557	296000	312000
tpcds__store_sales_ss_cdemo_sk__customer_demographics_cd_demo_sk__T16__tierb	WIN	2653590	2233806	-419784	-15.819	3.000		LOSS	11220289	14986161	3765872	33.563	3.000		35	9312	2653555	2223901	13863770	17218149	1288000	1509000
tpcds__store_sales_ss_cdemo_sk__customer_demographics_cd_demo_sk__T96__tierb	WIN	4748516	3683111	-1065405	-22.437	3.000		LOSS	16421730	18601102	2179372	13.271	3.000		538	12676	4748045	3670243	21171226	22269474	334000	349000
tpcds__store_sales_ss_customer_sk__customer_c_customer_sk__T16__tierb	WIN	2416025	2059733	-356292	-14.747	3.000		LOSS	16397771	21531598	5133827	31.308	3.000		131	9771	2415874	2048996	18812857	23597970	1623000	1945000
tpcds__store_sales_ss_customer_sk__customer_c_customer_sk__T96__tierb	WIN	4202940	3423797	-779143	-18.538	3.000		LOSS	22874428	24489074	1614646	7.059	3.000		372	12890	4200958	3410603	27025283	27890271	418000	425000
tpcds__store_sales_ss_customer_sk__customer_c_customer_sk__left_semi__T16__tierb	WIN	2001306	1904073	-97233	-4.858	3.000		WIN	582174	561833	-20341	-3.494	3.000		63	8092	2001247	1896430	2582958	2467991	423000	427000
tpcds__store_sales_ss_customer_sk__customer_c_customer_sk__left_semi__T96__tierb	WIN	3684134	3165459	-518675	-14.079	3.000		WIN	1402380	1347621	-54759	-3.905	3.000		922	13306	3683212	3151934	5081850	4503747	136000	135000
tpcds__store_sales_ss_hdemo_sk__household_demographics_hd_demo_sk__T16__tierb	LOSS	2401834	2584686	182852	7.613	3.000		LOSS	3072822	3239447	166625	5.423	3.000		30	8809	2401633	2575398	5471647	5825776	686000	717000
tpcds__store_sales_ss_hdemo_sk__household_demographics_hd_demo_sk__T96__tierb	LOSS	2664193	2810658	146465	5.498	3.000		WIN	4559213	4338769	-220444	-4.835	3.000		572	11924	2663684	2798709	7228108	7157553	174000	175000
tpcds__store_sales_ss_item_sk__catalog_sales_cs_item_sk__T16__tierb	NO-VERDICT						harness voided: jbmt unit status OVER_BUDGET: arm candidate warmup 0 took 321.9s > unit-time-budget 30.0s; unit skipped before any timed run	NO-VERDICT						harness voided: jbmt unit status OVER_BUDGET: arm candidate warmup 0 took 321.9s > unit-time-budget 30.0s; unit skipped before any timed run	0	0	0	0	0	0		
tpcds__store_sales_ss_item_sk__catalog_sales_cs_item_sk__T96__tierb	NO-VERDICT						harness voided: jbmt unit status OVER_BUDGET: arm candidate warmup 0 took 76.4s > unit-time-budget 30.0s; unit skipped before any timed run	NO-VERDICT						harness voided: jbmt unit status OVER_BUDGET: arm candidate warmup 0 took 76.4s > unit-time-budget 30.0s; unit skipped before any timed run	0	0	0	0	0	0		
tpcds__store_sales_ss_item_sk__item_i_item_sk__T16__tierb	WIN	1134258	1011148	-123110	-10.854	3.000		LOSS	3309971	3724499	414528	12.524	3.000		32	7740	1134226	1003865	4446502	4736684	662000	693000
tpcds__store_sales_ss_item_sk__item_i_item_sk__T96__tierb	TIE	1407600	1449781	42181	2.997	3.000		WIN	6599547	6235198	-364349	-5.521	3.000		515	12333	1407135	1437367	8009142	7682434	207000	203000
tpcds__store_sales_ss_item_sk__item_i_item_sk__filtered__T16__tierb	LOSS	530163	636341	106178	20.027	3.000		LOSS	473283	520708	47425	10.020	3.000		26	5879	530114	630524	1004562	1157624	247000	267000
tpcds__store_sales_ss_item_sk__item_i_item_sk__filtered__T96__tierb	LOSS	665003	739380	74377	11.184	3.000		WIN	892869	843925	-48944	-5.482	3.000		426	9812	664692	729016	1557872	1582372	88000	89000
tpcds__store_sales_ss_item_sk__store_returns_sr_item_sk__composite__T16__tierb	WIN	4011234	3612452	-398782	-9.942	3.943		WIN	194517	184898	-9619	-4.945	3.000		41	4790	4011203	3607701	4205751	3796625	501000	767000
tpcds__store_sales_ss_item_sk__store_returns_sr_item_sk__composite__T96__tierb	WIN	8622821	7610297	-1012524	-11.742	3.000		LOSS	418314	507481	89167	21.316	3.000		58	6691	8622796	7603805	9036182	8117444	241000	246000
tpcds__store_sales_ss_item_sk__web_sales_ws_item_sk__T16__tierb	NO-VERDICT						harness voided: jbmt unit status OVER_BUDGET: arm baseline warmup 0 took 161.7s > unit-time-budget 30.0s; unit skipped before any timed run	NO-VERDICT						harness voided: jbmt unit status OVER_BUDGET: arm baseline warmup 0 took 161.7s > unit-time-budget 30.0s; unit skipped before any timed run	0	0	0	0	0	0		
tpcds__store_sales_ss_item_sk__web_sales_ws_item_sk__T96__tierb	NO-VERDICT						harness voided: jbmt unit status OVER_BUDGET: arm baseline warmup 0 took 38.7s > unit-time-budget 30.0s; unit skipped before any timed run	NO-VERDICT						harness voided: jbmt unit status OVER_BUDGET: arm baseline warmup 0 took 38.7s > unit-time-budget 30.0s; unit skipped before any timed run	0	0	0	0	0	0		
tpcds__store_sales_ss_promo_sk__promotion_p_promo_sk__T16__tierb	LOSS	1092494	1166114	73620	6.739	3.000		TIE	3544324	3652081	107757	3.040	3.000		65	7327	1092438	1158772	4636818	4815614	642000	663000
tpcds__store_sales_ss_promo_sk__promotion_p_promo_sk__T96__tierb	LOSS	1228381	1266870	38489	3.133	3.000		TIE	4467639	4508268	40629	0.909	3.000		593	11592	1227722	1255278	5697765	5775569	154000	156000
tpcds__store_sales_ss_sold_date_sk__date_dim_d_date_sk__T16__tierb	TIE	1863650	1864059	409	0.022	18.021		TIE	2571895	2604547	32652	1.270	3.000		31	8552	1863616	1855822	4433909	4473252	580000	594000
tpcds__store_sales_ss_sold_date_sk__date_dim_d_date_sk__T96__tierb	WIN	2378211	2160328	-217883	-9.162	8.207		TIE	3619025	3689935	70910	1.959	3.000		448	12255	2377705	2147858	5976456	5841087	153000	156000
tpcds__store_sales_ss_sold_date_sk__date_dim_d_date_sk__filtered__T16__tierb	LOSS	1064493	1253120	188627	17.720	3.000		TIE	716106	729357	13251	1.850	3.000		26	6489	1064475	1247060	1780166	1981953	305000	326000
tpcds__store_sales_ss_sold_date_sk__date_dim_d_date_sk__filtered__T96__tierb	LOSS	1158486	1342152	183666	15.854	3.000		TIE	1320200	1295427	-24773	-1.876	3.000		538	11113	1158012	1331214	2480750	2639052	96000	98000
tpcds__store_sales_ss_sold_time_sk__time_dim_t_time_sk__T16__tierb	WIN	2846593	2395303	-451290	-15.854	3.000		LOSS	2378836	2678413	299577	12.593	3.000		42	8116	2846550	2386579	5225429	5061958	626000	628000
tpcds__store_sales_ss_sold_time_sk__time_dim_t_time_sk__T96__tierb	WIN	3326441	2661258	-665183	-19.997	3.000		LOSS	3046558	3261765	215207	7.064	3.000		70	10318	3326362	2650114	6365199	5932368	157000	156000
tpcds__store_sales_ss_store_sk__store_s_store_sk__T16__tierb	WIN	1073812	939063	-134749	-12.549	3.000		TIE	3955962	3960413	4451	0.113	3.000		69	7972	1073730	931026	5029851	4904788	688000	692000
tpcds__store_sales_ss_store_sk__store_s_store_sk__T96__tierb	LOSS	1273768	1478986	205218	16.111	3.000		WIN	5536704	5194808	-341896	-6.175	3.000		828	12307	1272823	1466567	6811233	6669498	175000	177000
tpcds__store_sales_ss_store_sk__store_s_store_sk__filtered__T16__tierb	LOSS	1293450	1360180	66730	5.159	3.000		TIE	1260369	1264445	4076	0.323	3.000		53	5884	1293428	1354296	2554424	2624653	377000	390000
tpcds__store_sales_ss_store_sk__store_s_store_sk__filtered__T96__tierb	LOSS	1352108	1430762	78654	5.817	3.000		WIN	1922308	1822231	-100077	-5.206	3.000		403	10397	1351641	1420648	3273294	3255477	104000	104000
tpcds__web_returns_wr_item_sk__item_i_item_sk__T16__tierb	TIE	32291	32269	-22	-0.068	4.938		LOSS	85122	106087	20965	24.629	5.424		0	206	32279	32036	117327	138408	28000	37000
tpcds__web_returns_wr_item_sk__item_i_item_sk__T96__tierb	TIE	47504	45854	-1650	-3.473	5.067		TIE	161356	158211	-3145	-1.949	8.980		2	326	47502	45483	208865	204065	28000	29000
tpcds__web_returns_wr_item_sk__item_i_item_sk__filtered__T16__tierb	LOSS	18295	21239	2944	16.092	3.000		LOSS	13965	16474	2509	17.966	3.000		0	170	18295	21069	32345	37833	19000	27000
tpcds__web_returns_wr_item_sk__item_i_item_sk__filtered__T96__tierb	LOSS	20167	22197	2030	10.066	3.000		LOSS	18865	19939	1074	5.693	3.031		2	232	20163	21968	39032	42337	26000	26000
tpcds__web_returns_wr_reason_sk__reason_r_reason_sk__T16__tierb	TIE	26689	26927	238	0.892	3.000		LOSS	95764	99970	4206	4.392	3.000		2	277	26668	26657	122355	126788	26000	31000
tpcds__web_returns_wr_reason_sk__reason_r_reason_sk__T96__tierb	TIE	31435	32651	1216	3.868	5.660		WIN	234030	223268	-10762	-4.599	4.504		9	382	31423	32272	265465	256043	24000	25000
tpcds__web_returns_wr_refunded_addr_sk__customer_address_ca_address_sk__T16__tierb	WIN	58242	47834	-10408	-17.870	3.000		LOSS	317328	383085	65757	20.722	3.000		0	334	58242	47507	375918	430919	47000	60000
tpcds__web_returns_wr_refunded_addr_sk__customer_address_ca_address_sk__T96__tierb	WIN	91624	78587	-13037	-14.229	5.264		LOSS	402387	467763	65376	16.247	4.982		4	473	91622	78114	493167	546350	34000	34000
tpcds__web_returns_wr_refunded_cdemo_sk__customer_demographics_cd_demo_sk__T16__tierb	WIN	65189	57599	-7590	-11.643	3.000		LOSS	293318	390448	97130	33.114	3.000		0	335	65189	57264	358156	447950	49000	70000
tpcds__web_returns_wr_refunded_cdemo_sk__customer_demographics_cd_demo_sk__T96__tierb	TIE	119961	113437	-6524	-5.438	6.370		LOSS	440869	476759	35890	8.141	3.000		2	427	119937	113026	558121	593505	40000	40000
tpcds__web_returns_wr_returned_date_sk__date_dim_d_date_sk__T16__tierb	TIE	46992	44765	-2227	-4.739	10.522		LOSS	65098	69014	3916	6.016	3.000		0	217	46992	44551	112134	113333	23000	31000
tpcds__web_returns_wr_returned_date_sk__date_dim_d_date_sk__T96__tierb	WIN	62959	55648	-7311	-11.612	8.678		TIE	91839	91983	144	0.157	3.000		6	317	62954	55312	156756	147805	25000	25000
tpcds__web_returns_wr_returned_date_sk__date_dim_d_date_sk__filtered__T16__tierb	LOSS	26482	32151	5669	21.407	3.000		LOSS	19948	21440	1492	7.479	3.198		0	179	26464	31973	46430	53646	17000	24000
tpcds__web_returns_wr_returned_date_sk__date_dim_d_date_sk__filtered__T96__tierb	LOSS	28017	33296	5279	18.842	3.000		TIE	27060	26636	-424	-1.567	3.000		4	285	28009	33019	55212	60132	22000	23000
tpcds__web_returns_wr_returning_addr_sk__customer_address_ca_address_sk__T16__tierb	WIN	58385	48858	-9527	-16.318	3.000		LOSS	315682	388008	72326	22.911	3.000		0	322	58385	48522	375196	436831	48000	59000
tpcds__web_returns_wr_returning_addr_sk__customer_address_ca_address_sk__T96__tierb	WIN	90848	77447	-13401	-14.751	3.971		LOSS	388436	445752	57316	14.756	6.378		6	451	90843	77004	479284	515952	34000	35000
tpcds__web_returns_wr_returning_cdemo_sk__customer_demographics_cd_demo_sk__T16__tierb	WIN	66308	57101	-9207	-13.885	3.000		LOSS	292809	388413	95604	32.651	3.000		0	342	66308	56767	358394	445544	49000	70000
tpcds__web_returns_wr_returning_cdemo_sk__customer_demographics_cd_demo_sk__T96__tierb	TIE	126599	119501	-7098	-5.607	6.598		LOSS	438260	477105	38845	8.863	3.000		3	436	126597	119082	560452	595495	40000	39000
tpcds__web_returns_wr_web_page_sk__web_page_wp_web_page_sk__T16__tierb	LOSS	28755	30937	2182	7.588	3.000		TIE	43730	44468	738	1.688	3.000		1	267	28754	30670	72429	75356	21000	27000
tpcds__web_returns_wr_web_page_sk__web_page_wp_web_page_sk__T96__tierb	TIE	34662	35732	1070	3.087	3.000		TIE	62625	62094	-531	-0.848	3.000		3	377	34659	35330	97597	97943	22000	23000
tpcds__web_sales_ws_bill_addr_sk__customer_address_ca_address_sk__T16__tierb	WIN	566072	433153	-132919	-23.481	3.000		LOSS	3016396	3734130	717734	23.794	3.000		24	2378	566045	430711	3583619	4168667	338000	383000
tpcds__web_sales_ws_bill_addr_sk__customer_address_ca_address_sk__T96__tierb	WIN	835775	716938	-118837	-14.219	3.000		LOSS	3730969	4209056	478087	12.814	3.000		158	3421	834733	713505	4570272	4925994	97000	103000
tpcds__web_sales_ws_bill_customer_sk__customer_c_customer_sk__T16__tierb	WIN	601595	517226	-84369	-14.024	3.000		LOSS	4226478	5634857	1408379	33.323	3.000		7	2499	601580	514753	4828880	6157241	426000	528000
tpcds__web_sales_ws_bill_customer_sk__customer_c_customer_sk__T96__tierb	WIN	1059883	852819	-207064	-19.536	3.000		LOSS	5980202	6416498	436296	7.296	3.000		115	3209	1059787	849332	7042926	7267713	141000	140000
tpcds__web_sales_ws_item_sk__item_i_item_sk__T16__tierb	WIN	290558	261859	-28699	-9.877	3.000		LOSS	828370	957499	129129	15.588	3.000		14	1961	290547	259914	1118195	1220444	177000	192000
tpcds__web_sales_ws_item_sk__item_i_item_sk__T96__tierb	TIE	363542	366750	3208	0.882	3.000		WIN	1668806	1586574	-82232	-4.928	3.000		177	3095	363349	363684	2034721	1948746	70000	70000
tpcds__web_sales_ws_item_sk__item_i_item_sk__filtered__T16__tierb	LOSS	143544	167840	24296	16.926	3.000		LOSS	126071	136752	10681	8.472	3.000		17	1507	143544	166395	269567	304341	75000	84000
tpcds__web_sales_ws_item_sk__item_i_item_sk__filtered__T96__tierb	LOSS	180175	200506	20331	11.284	3.000		WIN	232610	224452	-8158	-3.507	3.000		137	2529	180038	197917	413188	424587	42000	42000
tpcds__web_sales_ws_item_sk__web_returns_wr_item_sk__composite__T16__tierb	WIN	958088	826810	-131278	-13.702	3.864		WIN	48607	46967	-1640	-3.374	3.000		14	1238	958087	825652	1006838	873248	121000	203000
tpcds__web_sales_ws_item_sk__web_returns_wr_item_sk__composite__T96__tierb	WIN	1989049	1794643	-194406	-9.774	3.000		LOSS	97341	117072	19731	20.270	3.000		5	1663	1989043	1792989	2084870	1911301	83000	90000
tpcds__web_sales_ws_promo_sk__promotion_p_promo_sk__T16__tierb	LOSS	265171	283886	18715	7.058	3.000		LOSS	923444	954251	30807	3.336	3.000		15	1785	265154	282092	1189279	1237288	167000	177000
tpcds__web_sales_ws_promo_sk__promotion_p_promo_sk__T96__tierb	TIE	314245	321375	7130	2.269	3.000		TIE	1180448	1193291	12843	1.088	3.000		168	2900	314126	318543	1494693	1514808	54000	55000
tpcds__web_sales_ws_ship_addr_sk__customer_address_ca_address_sk__T16__tierb	WIN	566774	432092	-134682	-23.763	3.000		LOSS	3046222	3739949	693727	22.773	3.000		27	2367	566762	429741	3612758	4173031	340000	384000
tpcds__web_sales_ws_ship_addr_sk__customer_address_ca_address_sk__T96__tierb	WIN	832692	701111	-131581	-15.802	3.000		LOSS	3741808	4173726	431918	11.543	3.000		159	3334	832464	697729	4607868	4888867	96000	101000
tpcds__web_sales_ws_ship_date_sk__date_dim_d_date_sk__T16__tierb	WIN	468147	418632	-49515	-10.577	6.329		TIE	661058	670537	9479	1.434	3.000		0	2046	468134	416623	1129655	1086907	152000	156000
tpcds__web_sales_ws_ship_date_sk__date_dim_d_date_sk__T96__tierb	WIN	633734	485190	-148544	-23.439	5.834		LOSS	889766	919938	30172	3.391	3.000		12	2574	633726	482652	1540507	1410745	55000	55000
tpcds__web_sales_ws_ship_date_sk__date_dim_d_date_sk__filtered__T16__tierb	LOSS	253799	305258	51459	20.275	3.000		TIE	188096	190689	2593	1.379	3.000		12	1578	253787	303712	441533	495873	81000	92000
tpcds__web_sales_ws_ship_date_sk__date_dim_d_date_sk__filtered__T96__tierb	LOSS	278990	327316	48326	17.322	3.000		WIN	333245	321273	-11972	-3.593	3.000		10	2192	278978	325219	613208	648500	40000	41000
tpcds__web_sales_ws_ship_hdemo_sk__household_demographics_hd_demo_sk__T16__tierb	LOSS	604865	648032	43167	7.137	3.000		LOSS	794491	838301	43810	5.514	3.000		12	2228	604865	645697	1400413	1490564	178000	191000
tpcds__web_sales_ws_ship_hdemo_sk__household_demographics_hd_demo_sk__T96__tierb	LOSS	671268	707856	36588	5.451	3.000		WIN	1210070	1169020	-41050	-3.392	3.000		157	3100	671152	704684	1885015	1883218	60000	61000
tpcds__web_sales_ws_ship_mode_sk__ship_mode_sm_ship_mode_sk__T16__tierb	LOSS	253070	261641	8571	3.387	3.000		TIE	775396	760747	-14649	-1.889	3.000		24	2086	253046	259487	1028642	1022344	161000	167000
tpcds__web_sales_ws_ship_mode_sk__ship_mode_sm_ship_mode_sk__T96__tierb	LOSS	326793	339665	12872	3.939	3.000		WIN	1678672	1420409	-258263	-15.385	3.000		432	3220	326263	336398	2006528	1759939	62000	61000
tpcds__web_sales_ws_sold_date_sk__date_dim_d_date_sk__T16__tierb	TIE	469915	409550	-60365	-12.846	13.960		TIE	672238	686318	14080	2.094	3.000		0	2349	469903	407443	1142101	1093622	158000	163000
tpcds__web_sales_ws_sold_date_sk__date_dim_d_date_sk__T96__tierb	WIN	626389	479185	-147204	-23.500	7.451		TIE	941784	967016	25232	2.679	3.000		157	3117	626232	476021	1559049	1444647	56000	57000
tpcds__web_sales_ws_sold_date_sk__date_dim_d_date_sk__filtered__T16__tierb	LOSS	259899	307140	47241	18.177	3.000		TIE	190487	193388	2901	1.523	3.000		17	1739	259887	305489	450509	500478	86000	96000
tpcds__web_sales_ws_sold_date_sk__date_dim_d_date_sk__filtered__T96__tierb	LOSS	285731	331921	46190	16.166	3.000		WIN	351337	337401	-13936	-3.967	3.000		139	2736	285597	329179	636063	669955	41000	42000
tpcds__web_sales_ws_sold_time_sk__time_dim_t_time_sk__T16__tierb	WIN	784962	591700	-193262	-24.621	3.000		LOSS	664433	784587	120154	18.084	3.000		0	2132	784962	589485	1448735	1378249	170000	173000
tpcds__web_sales_ws_sold_time_sk__time_dim_t_time_sk__T96__tierb	WIN	896785	663771	-233014	-25.983	3.000		LOSS	860686	970124	109438	12.715	3.000		12	2616	896775	661168	1765975	1638018	58000	58000
tpcds__web_sales_ws_warehouse_sk__warehouse_w_warehouse_sk__T16__tierb	LOSS	254554	263602	9048	3.554	3.000		TIE	1016655	1036841	20186	1.986	3.000		4	2260	254543	261299	1271346	1300179	178000	188000
tpcds__web_sales_ws_warehouse_sk__warehouse_w_warehouse_sk__T96__tierb	LOSS	309073	320337	11264	3.644	3.000		TIE	1449123	1441882	-7241	-0.500	3.000		231	3170	308833	317167	1758752	1761591	60000	60000
tpcds__web_sales_ws_web_page_sk__web_page_wp_web_page_sk__T16__tierb	LOSS	276927	298271	21344	7.707	3.000		LOSS	450481	467009	16528	3.669	3.000		4	1866	276910	296405	727129	764838	120000	129000
tpcds__web_sales_ws_web_page_sk__web_page_wp_web_page_sk__T96__tierb	TIE	352244	356852	4608	1.308	3.000		TIE	758707	747671	-11036	-1.455	3.000		361	2967	351883	353931	1108339	1105191	48000	50000
tpcds__web_sales_ws_web_site_sk__web_site_web_site_sk__T16__tierb	LOSS	253907	262943	9036	3.559	3.000		LOSS	1165221	1295626	130405	11.191	3.000		3	2364	253907	260679	1419446	1558530	190000	207000
tpcds__web_sales_ws_web_site_sk__web_site_web_site_sk__T96__tierb	TIE	329426	336487	7061	2.143	3.000		WIN	2346024	2248967	-97057	-4.137	3.000		314	3307	329087	333160	2675450	2584861	73000	73000
tpch__customer_c_nationkey__nation_n_nationkey__T16__tierb	TIE	86286	88165	1879	2.178	3.000		TIE	176974	180130	3156	1.783	3.000		2	888	86283	87316	263350	269020	59000	65000
tpch__customer_c_nationkey__nation_n_nationkey__T96__tierb	LOSS	91377	97145	5768	6.312	3.000		WIN	250068	216959	-33109	-13.240	3.410		105	1051	91299	95999	341049	313689	31000	32000
tpch__customer_c_nationkey__supplier_s_nationkey__T16__tierb	NO-VERDICT						harness voided: jbmt unit status OVER_BUDGET: arm candidate warmup 0 took 600.1s > unit-time-budget 30.0s (and failed: rc=159 stderr=Received exception from server (version 26.8.1): Code: 159. DB::Exception: Received from localhost:9006. D); unit skipped before any timed run	NO-VERDICT						harness voided: jbmt unit status OVER_BUDGET: arm candidate warmup 0 took 600.1s > unit-time-budget 30.0s (and failed: rc=159 stderr=Received exception from server (version 26.8.1): Code: 159. DB::Exception: Received from localhost:9006. D); unit skipped before any timed run	0	0	0	0	0	0		
tpch__customer_c_nationkey__supplier_s_nationkey__T96__tierb	NO-VERDICT						harness voided: jbmt unit status OVER_BUDGET: arm candidate warmup 0 took 600.1s > unit-time-budget 30.0s (and failed: rc=159 stderr=Received exception from server (version 26.8.1): Code: 159. DB::Exception: Received from localhost:9006. D); unit skipped before any timed run	NO-VERDICT						harness voided: jbmt unit status OVER_BUDGET: arm candidate warmup 0 took 600.1s > unit-time-budget 30.0s (and failed: rc=159 stderr=Received exception from server (version 26.8.1): Code: 159. DB::Exception: Received from localhost:9006. D); unit skipped before any timed run	0	0	0	0	0	0		
tpch__lineitem_l_orderkey__orders_o_orderkey__T16__tierb	WIN	15616129	9419903	-6196226	-39.678	3.000		LOSS	8396838	8746235	349397	4.161	3.000		100	25091	15616029	9394049	24010132	18165348	3374000	3510000
tpch__lineitem_l_orderkey__orders_o_orderkey__T96__tierb	WIN	21372027	18012082	-3359945	-15.721	3.000		LOSS	10358159	11191496	833337	8.045	3.000		660	41473	21371477	17971756	31699627	29169921	1565000	1267000
tpch__lineitem_l_orderkey__orders_o_orderkey__left_semi__T16__tierb	WIN	11278730	7999589	-3279141	-29.074	3.000		WIN	122945	96602	-26343	-21.427	3.000		225	21202	11278500	7976184	11402010	8093942	1908000	1856000
tpch__lineitem_l_orderkey__orders_o_orderkey__left_semi__T96__tierb	WIN	14116869	10936927	-3179942	-22.526	3.000		WIN	191493	107242	-84251	-43.997	4.447		1188	42079	14115806	10896182	14309675	11047018	624000	610000
tpch__lineitem_l_partkey__part_p_partkey__T16__tierb	WIN	11479141	9958991	-1520150	-13.243	3.000		LOSS	104775578	152068561	47292983	45.137	3.000		98	34006	11478999	9924263	116213855	162035510	8638000	11676000
tpch__lineitem_l_partkey__part_p_partkey__T96__tierb	WIN	14878592	12264986	-2613606	-17.566	3.000		LOSS	155462760	183375973	27913213	17.955	3.000		301	35266	14878291	12229646	170255934	195692145	2263000	2480000
tpch__lineitem_l_partkey__part_p_partkey__filtered__T16__tierb	WIN	6011500	4851251	-1160249	-19.300	3.000		LOSS	716475	795737	79262	11.063	3.000		129	19535	6011353	4832421	6728046	5642618	978000	930000
tpch__lineitem_l_partkey__part_p_partkey__filtered__T96__tierb	WIN	6311617	5574312	-737305	-11.682	3.000		LOSS	1440748	1600560	159812	11.092	3.000		501	32634	6311204	5541337	7750921	7179382	266000	268000
tpch__lineitem_l_partkey__partsupp_ps_partkey__composite__T16__tierb	WIN	13773995	10399132	-3374863	-24.502	3.000		WIN	93768	74719	-19049	-20.315	3.000		52	15127	13773966	10384380	13867763	10473986	1505000	1392000
tpch__lineitem_l_partkey__partsupp_ps_partkey__composite__T96__tierb	WIN	20190037	16203230	-3986807	-19.746	3.000		WIN	125101	98412	-26689	-21.334	3.000		164	22926	20189881	16180200	20315018	16300365	460000	432000
tpch__lineitem_l_suppkey__supplier_s_suppkey__T16__tierb	WIN	7408610	6496144	-912466	-12.316	3.000		LOSS	60119097	79177306	19058209	31.701	3.000		76	28323	7408527	6465911	67558904	85728159	5643000	6810000
tpch__lineitem_l_suppkey__supplier_s_suppkey__T96__tierb	WIN	13208501	9802019	-3406482	-25.790	3.000		LOSS	80980793	89573658	8592865	10.611	3.000		569	36700	13207969	9763349	94162085	99378888	1308000	1364000
tpch__nation_n_regionkey__region_r_regionkey__T16__tierb	WIN	22	20	-2	-9.091	7.071		TIE	13	13	0	0.000	11.533		0	3	22	17	36	33	4000	9000
tpch__nation_n_regionkey__region_r_regionkey__T96__tierb	WIN	29	22	-7	-24.138	6.811		WIN	16	12	-4	-25.000	17.751		0	4	29	18	45	35	12000	14000
tpch__orders_o_custkey__customer_c_custkey__T16__tierb	WIN	2699076	2107280	-591796	-21.926	3.000		LOSS	12702539	17780621	5078082	39.977	3.000		24	8593	2699047	2098687	15409157	19887539	1282000	1653000
tpch__orders_o_custkey__customer_c_custkey__T96__tierb	WIN	5058082	4372581	-685501	-13.553	3.664		LOSS	20976088	23400584	2424496	11.558	3.000		696	11143	5057180	4361287	25970465	27712445	459000	462000
tpch__orders_o_custkey__customer_c_custkey__filtered__T16__tierb	WIN	2618106	2018962	-599144	-22.885	3.000		LOSS	2614017	3346481	732464	28.021	3.000		54	7692	2618049	2011270	5238238	5367146	520000	558000
tpch__orders_o_custkey__customer_c_custkey__filtered__T96__tierb	WIN	4340221	3626314	-713907	-16.449	3.000		LOSS	4377770	4867162	489392	11.179	3.000		1144	10936	4339123	3615266	8719636	8504141	195000	191000
tpch__orders_o_custkey__customer_c_custkey__left__T16__tierb	WIN	2902467	2189667	-712800	-24.558	3.000		LOSS	13150391	18347302	5196911	39.519	3.000		11	8733	2902467	2181316	16056462	20557804	1664000	2029000
tpch__orders_o_custkey__customer_c_custkey__left__T96__tierb	WIN	5730060	4614420	-1115640	-19.470	3.000		LOSS	21669455	24078636	2409181	11.118	3.000		1177	11811	5728870	4602808	27411124	28669448	548000	539000
tpch__orders_o_custkey__customer_c_custkey__left_anti__T16__tierb	LOSS	1687648	1956310	268662	15.919	3.000		WIN	51459	45580	-5879	-11.425	3.000		19	6533	1687630	1949485	1739701	2001739	234000	281000
tpch__orders_o_custkey__customer_c_custkey__left_anti__T96__tierb	LOSS	3427523	3880859	453336	13.226	3.000		WIN	92085	68549	-23536	-25.559	3.000		691	10244	3426832	3870971	3521243	3949718	110000	121000
tpch__partsupp_ps_partkey__part_p_partkey__T16__tierb	WIN	1540160	877002	-663158	-43.058	3.000		LOSS	1497722	1558795	61073	4.078	3.000		1	3277	1540160	873827	3038605	2431904	441000	563000
tpch__partsupp_ps_partkey__part_p_partkey__T96__tierb	TIE	2732300	2662475	-69825	-2.556	4.592		LOSS	2061876	2429938	368062	17.851	3.000		28	3866	2732269	2658691	4797543	5096721	332000	279000
tpch__partsupp_ps_partkey__part_p_partkey__filtered__T16__tierb	LOSS	403552	417275	13723	3.401	3.000		LOSS	49493	55601	6108	12.341	3.000		11	2541	403534	414686	452949	472876	133000	144000
tpch__partsupp_ps_partkey__part_p_partkey__filtered__T96__tierb	LOSS	495050	534230	39180	7.914	5.901		LOSS	93541	99574	6033	6.450	3.000		31	3271	494996	530973	587993	633290	74000	72000
tpch__partsupp_ps_suppkey__supplier_s_suppkey__T16__tierb	WIN	781260	617949	-163311	-20.904	3.000		LOSS	1854530	2338353	483823	26.089	3.000		0	3263	781260	614675	2632416	2956592	357000	399000
tpch__partsupp_ps_suppkey__supplier_s_suppkey__T96__tierb	WIN	2165378	1408602	-756776	-34.949	3.000		LOSS	3362397	3858837	496440	14.764	3.000		22	3870	2165338	1404725	5528750	5270416	139000	134000
tpch__supplier_s_nationkey__nation_n_nationkey__T16__tierb	TIE	6606	6597	-9	-0.136	3.000		LOSS	12390	12854	464	3.745	3.000		1	154	6605	6440	18999	19464	11000	16000
tpch__supplier_s_nationkey__nation_n_nationkey__T96__tierb	LOSS	6353	6906	553	8.705	3.000		TIE	12687	12608	-79	-0.623	3.329		0	159	6353	6739	19019	19480	19000	19000
