point_id	key_config	dups	hit_rate	build_rows	threads	status	candidate_result	baseline_result	seconds
1e7_4B_u32_x8_h1.00_t32	4B_u32	x8	1.00	10000000	32	PASS	160000000\t11869985458218243503\t9839239262626705393\n	160000000\t11869985458218243503\t9839239262626705393\n	1.01
1e7_4B_u32_unique_h0.05_t32	4B_u32	unique	0.05	10000000	32	PASS	1000000\t3619138587890419494\t1802355362247019494\n	1000000\t3619138587890419494\t1802355362247019494\n	1.66
1e7_4B_u32_unique_h0.50_t32	4B_u32	unique	0.50	10000000	32	PASS	10000000\t1708454865162090523\t12820115466550166387\n	10000000\t1708454865162090523\t12820115466550166387\n	1.66
1e7_4B_u32_unique_h1.00_t32	4B_u32	unique	1.00	10000000	32	PASS	20000000\t522473968066351157\t16936281921857991153\n	20000000\t522473968066351157\t16936281921857991153\n	1.66
1e7_4B_u32_x8_h0.50_t32	4B_u32	x8	0.50	10000000	32	PASS	80000000\t10096040743935180281\t6380775995557860393\n	80000000\t10096040743935180281\t6380775995557860393\n	1.04
1e7_4B_u32_x8_h0.05_t32	4B_u32	x8	0.05	10000000	32	PASS	8000000\t8038661766656750259\t713767681753271897\n	8000000\t8038661766656750259\t713767681753271897\n	0.70
1e7_4B_u32_skew_h1.00_t32	4B_u32	skew	1.00	10000000	32	PASS	160000000\t2907298342559860691\t12379925840835891833\n	160000000\t2907298342559860691\t12379925840835891833\n	1.12
1e7_4B_u32_skew_h0.50_t32	4B_u32	skew	0.50	10000000	32	PASS	80000000\t12725480504286063889\t1692218596500660835\n	80000000\t12725480504286063889\t1692218596500660835\n	1.14
1e7_4B_u32_skew_h0.05_t32	4B_u32	skew	0.05	10000000	32	PASS	8000000\t4505182249853152277\t12127679392199655971\n	8000000\t4505182249853152277\t12127679392199655971\n	0.79
1e7_8B_u64_unique_h1.00_t32	8B_u64	unique	1.00	10000000	32	PASS	20000000\t522473968066351157\t16936281921857991153\n	20000000\t522473968066351157\t16936281921857991153\n	1.23
1e7_8B_u64_x8_h1.00_t32	8B_u64	x8	1.00	10000000	32	PASS	160000000\t11869985458218243503\t9839239262626705393\n	160000000\t11869985458218243503\t9839239262626705393\n	1.03
1e7_8B_u64_unique_h0.05_t32	8B_u64	unique	0.05	10000000	32	PASS	1000000\t3619138587890419494\t1802355362247019494\n	1000000\t3619138587890419494\t1802355362247019494\n	1.52
1e7_8B_u64_unique_h0.50_t32	8B_u64	unique	0.50	10000000	32	PASS	10000000\t1708454865162090523\t12820115466550166387\n	10000000\t1708454865162090523\t12820115466550166387\n	1.54
1e7_8B_u64_x8_h0.50_t32	8B_u64	x8	0.50	10000000	32	PASS	80000000\t10096040743935180281\t6380775995557860393\n	80000000\t10096040743935180281\t6380775995557860393\n	0.83
1e7_8B_u64_x8_h0.05_t32	8B_u64	x8	0.05	10000000	32	PASS	8000000\t8038661766656750259\t713767681753271897\n	8000000\t8038661766656750259\t713767681753271897\n	0.84
1e7_8B_u64_skew_h0.50_t32	8B_u64	skew	0.50	10000000	32	PASS	80000000\t12725480504286063889\t1692218596500660835\n	80000000\t12725480504286063889\t1692218596500660835\n	0.85
1e7_8B_u64_skew_h0.05_t32	8B_u64	skew	0.05	10000000	32	PASS	8000000\t4505182249853152277\t12127679392199655971\n	8000000\t4505182249853152277\t12127679392199655971\n	0.89
1e7_8B_u64_skew_h1.00_t32	8B_u64	skew	1.00	10000000	32	PASS	160000000\t2907298342559860691\t12379925840835891833\n	160000000\t2907298342559860691\t12379925840835891833\n	1.04
1e7_16B_fs16_unique_h1.00_t32	16B_fs16	unique	1.00	10000000	32	PASS	20000000\t8086982915281896948\t15921962496275580870\n	20000000\t8086982915281896948\t15921962496275580870\n	1.65
1e7_16B_fs16_x8_h1.00_t32	16B_fs16	x8	1.00	10000000	32	PASS	160000000\t910977438656058432\t16661678429059407578\n	160000000\t910977438656058432\t16661678429059407578\n	1.27
1e7_16B_fs16_unique_h0.50_t32	16B_fs16	unique	0.50	10000000	32	PASS	10000000\t7804321985807223326\t15569398799258839004\n	10000000\t7804321985807223326\t15569398799258839004\n	1.94
1e7_16B_fs16_unique_h0.05_t32	16B_fs16	unique	0.05	10000000	32	PASS	1000000\t14325751477906432186\t12016523431809651414\n	1000000\t14325751477906432186\t12016523431809651414\n	2.05
1e7_16B_fs16_x8_h0.50_t32	16B_fs16	x8	0.50	10000000	32	PASS	80000000\t11851922000853922126\t8611910512032027052\n	80000000\t11851922000853922126\t8611910512032027052\n	1.08
1e7_16B_fs16_x8_h0.05_t32	16B_fs16	x8	0.05	10000000	32	PASS	8000000\t16957957994728752309\t7765241397160665003\n	8000000\t16957957994728752309\t7765241397160665003\n	1.14
1e7_16B_fs16_skew_h0.50_t32	16B_fs16	skew	0.50	10000000	32	PASS	80000000\t12270474218911993332\t4183978297320087688\n	80000000\t12270474218911993332\t4183978297320087688\n	0.99
1e7_16B_fs16_skew_h0.05_t32	16B_fs16	skew	0.05	10000000	32	PASS	8000000\t9460080594369825193\t2851163507874977089\n	8000000\t9460080594369825193\t2851163507874977089\n	1.08
1e7_16B_fs16_skew_h1.00_t32	16B_fs16	skew	1.00	10000000	32	PASS	160000000\t13519741370206897235\t1771993047217405779\n	160000000\t13519741370206897235\t1771993047217405779\n	1.41
1e7_16B_2xu64_unique_h1.00_t32	16B_2xu64	unique	1.00	10000000	32	PASS	20000000\t5856387792973089060\t14731216111723648540\n	20000000\t5856387792973089060\t14731216111723648540\n	1.78
1e7_16B_2xu64_x8_h1.00_t32	16B_2xu64	x8	1.00	10000000	32	PASS	160000000\t2360037028695694588\t6337192751511978914\n	160000000\t2360037028695694588\t6337192751511978914\n	1.37
1e7_16B_2xu64_unique_h0.50_t32	16B_2xu64	unique	0.50	10000000	32	PASS	10000000\t10815920629478800420\t3524811337851706482\n	10000000\t10815920629478800420\t3524811337851706482\n	2.08
1e7_16B_2xu64_x8_h0.50_t32	16B_2xu64	x8	0.50	10000000	32	PASS	80000000\t15492205131280333914\t7788896417201742992\n	80000000\t15492205131280333914\t7788896417201742992\n	0.98
1e7_16B_2xu64_unique_h0.05_t32	16B_2xu64	unique	0.05	10000000	32	PASS	1000000\t6466678943427398380\t17214262631681026712\n	1000000\t6466678943427398380\t17214262631681026712\n	2.04
1e7_16B_2xu64_x8_h0.05_t32	16B_2xu64	x8	0.05	10000000	32	PASS	8000000\t7567816805957378517\t17816365704584277543\n	8000000\t7567816805957378517\t17816365704584277543\n	1.00
1e7_16B_2xu64_skew_h0.05_t32	16B_2xu64	skew	0.05	10000000	32	PASS	8000000\t11089786119385068415\t5860021648295939843\n	8000000\t11089786119385068415\t5860021648295939843\n	0.91
1e7_16B_2xu64_skew_h0.50_t32	16B_2xu64	skew	0.50	10000000	32	PASS	80000000\t12422714920339687501\t11640208731621875881\n	80000000\t12422714920339687501\t11640208731621875881\n	1.43
1e7_16B_2xu64_skew_h1.00_t32	16B_2xu64	skew	1.00	10000000	32	PASS	160000000\t4978342889432854376\t9464497282021000650\n	160000000\t4978342889432854376\t9464497282021000650\n	1.54
1e7_32B_fs32_x8_h1.00_t32	32B_fs32	x8	1.00	10000000	32	PASS	160000000\t9242294900277725426\t1811920482284476616\n	160000000\t9242294900277725426\t1811920482284476616\n	1.38
1e7_32B_fs32_unique_h1.00_t32	32B_fs32	unique	1.00	10000000	32	PASS	20000000\t4584391092805546147\t15688665537556076389\n	20000000\t4584391092805546147\t15688665537556076389\n	2.71
1e7_32B_fs32_unique_h0.50_t32	32B_fs32	unique	0.50	10000000	32	PASS	10000000\t11385432642852731049\t15858698628305029585\n	10000000\t11385432642852731049\t15858698628305029585\n	3.14
1e7_32B_fs32_x8_h0.05_t32	32B_fs32	x8	0.05	10000000	32	PASS	8000000\t16482948491376510779\t5600404511189240243\n	8000000\t16482948491376510779\t5600404511189240243\n	1.32
1e7_32B_fs32_x8_h0.50_t32	32B_fs32	x8	0.50	10000000	32	PASS	80000000\t12134017526560936\t5387642694932385554\n	80000000\t12134017526560936\t5387642694932385554\n	1.59
1e7_32B_fs32_unique_h0.05_t32	32B_fs32	unique	0.05	10000000	32	PASS	1000000\t17362410344370394886\t12985536077676806704\n	1000000\t17362410344370394886\t12985536077676806704\n	2.99
1e7_32B_fs32_skew_h0.05_t32	32B_fs32	skew	0.05	10000000	32	PASS	8000000\t11843272531987199543\t14704466982954304275\n	8000000\t11843272531987199543\t14704466982954304275\n	1.31
1e7_32B_fs32_skew_h1.00_t32	32B_fs32	skew	1.00	10000000	32	PASS	160000000\t9120214573919465575\t5810680830140126461\n	160000000\t9120214573919465575\t5810680830140126461\n	1.67
1e7_32B_fs32_skew_h0.50_t32	32B_fs32	skew	0.50	10000000	32	PASS	80000000\t4557651159712484148\t5251258296911429474\n	80000000\t4557651159712484148\t5251258296911429474\n	1.54
1e7_32B_4xu64_unique_h1.00_t32	32B_4xu64	unique	1.00	10000000	32	PASS	20000000\t6582024206555218525\t11576017157944029383\n	20000000\t6582024206555218525\t11576017157944029383\n	2.93
1e7_32B_4xu64_x8_h1.00_t32	32B_4xu64	x8	1.00	10000000	32	PASS	160000000\t1912752635744713173\t6685092694881461745\n	160000000\t1912752635744713173\t6685092694881461745\n	1.76
1e7_32B_4xu64_x8_h0.05_t32	32B_4xu64	x8	0.05	10000000	32	PASS	8000000\t1259428917215408960\t15977497908091992736\n	8000000\t1259428917215408960\t15977497908091992736\n	1.03
1e7_32B_4xu64_x8_h0.50_t32	32B_4xu64	x8	0.50	10000000	32	PASS	80000000\t777215905053185259\t15608402970452376361\n	80000000\t777215905053185259\t15608402970452376361\n	1.45
1e7_32B_4xu64_unique_h0.50_t32	32B_4xu64	unique	0.50	10000000	32	PASS	10000000\t11848657339610207266\t9440634400401608994\n	10000000\t11848657339610207266\t9440634400401608994\n	3.84
1e7_32B_4xu64_unique_h0.05_t32	32B_4xu64	unique	0.05	10000000	32	PASS	1000000\t17109296313462322877\t17488442915395830501\n	1000000\t17109296313462322877\t17488442915395830501\n	3.81
1e7_32B_4xu64_skew_h0.05_t32	32B_4xu64	skew	0.05	10000000	32	PASS	8000000\t12391315329734101167\t8185501176146210353\n	8000000\t12391315329734101167\t8185501176146210353\n	1.11
1e7_32B_4xu64_skew_h0.50_t32	32B_4xu64	skew	0.50	10000000	32	PASS	80000000\t14596039776047647087\t16100073886602199109\n	80000000\t14596039776047647087\t16100073886602199109\n	1.96
1e7_32B_4xu64_skew_h1.00_t32	32B_4xu64	skew	1.00	10000000	32	PASS	160000000\t12862060054232154236\t15912175641994373768\n	160000000\t12862060054232154236\t15912175641994373768\n	2.10
1e7_64B_fs64_x8_h1.00_t32	64B_fs64	x8	1.00	10000000	32	PASS	160000000\t9318786755091683860\t13380880029213430182\n	160000000\t9318786755091683860\t13380880029213430182\n	2.02
1e7_64B_fs64_unique_h1.00_t32	64B_fs64	unique	1.00	10000000	32	PASS	20000000\t14025273685539653843\t14971285634666867277\n	20000000\t14025273685539653843\t14971285634666867277\n	3.32
1e7_64B_fs64_unique_h0.50_t32	64B_fs64	unique	0.50	10000000	32	PASS	10000000\t4065794851301805321\t2550501691709890689\n	10000000\t4065794851301805321\t2550501691709890689\n	3.49
1e7_64B_fs64_x8_h0.05_t32	64B_fs64	x8	0.05	10000000	32	PASS	8000000\t1670898893413822686\t11298180630155307766\n	8000000\t1670898893413822686\t11298180630155307766\n	1.85
1e7_64B_fs64_x8_h0.50_t32	64B_fs64	x8	0.50	10000000	32	PASS	80000000\t3222594384194644987\t15375886134071052415\n	80000000\t3222594384194644987\t15375886134071052415\n	1.99
1e7_64B_fs64_unique_h0.05_t32	64B_fs64	unique	0.05	10000000	32	PASS	1000000\t6253692707295411284\t11190102502021705596\n	1000000\t6253692707295411284\t11190102502021705596\n	4.16
1e7_64B_fs64_skew_h1.00_t32	64B_fs64	skew	1.00	10000000	32	PASS	160000000\t13567597034045673925\t2182885527659230541\n	160000000\t13567597034045673925\t2182885527659230541\n	1.97
1e7_64B_fs64_skew_h0.05_t32	64B_fs64	skew	0.05	10000000	32	PASS	8000000\t16611245177610644497\t4156918181726283277\n	8000000\t16611245177610644497\t4156918181726283277\n	1.89
1e7_64B_fs64_skew_h0.50_t32	64B_fs64	skew	0.50	10000000	32	PASS	80000000\t10536541523072921952\t16179596910270940294\n	80000000\t10536541523072921952\t16179596910270940294\n	2.28
1e7_64B_8xu64_x8_h1.00_t32	64B_8xu64	x8	1.00	10000000	32	PASS	160000000\t13315546811209798517\t1146777581231437551\n	160000000\t13315546811209798517\t1146777581231437551\n	2.33
1e7_64B_8xu64_unique_h1.00_t32	64B_8xu64	unique	1.00	10000000	32	PASS	20000000\t3872921852697938229\t5107573530114012243\n	20000000\t3872921852697938229\t5107573530114012243\n	4.59
1e7_64B_8xu64_unique_h0.50_t32	64B_8xu64	unique	0.50	10000000	32	PASS	10000000\t11892077982747521765\t12566555193887783185\n	10000000\t11892077982747521765\t12566555193887783185\n	4.32
1e7_64B_8xu64_unique_h0.05_t32	64B_8xu64	unique	0.05	10000000	32	PASS	1000000\t4521746868715843075\t18029750389407511871\n	1000000\t4521746868715843075\t18029750389407511871\n	4.19
1e7_64B_8xu64_x8_h0.05_t32	64B_8xu64	x8	0.05	10000000	32	PASS	8000000\t9315358005463739332\t7461570671914847264\n	8000000\t9315358005463739332\t7461570671914847264\n	2.23
1e7_64B_8xu64_x8_h0.50_t32	64B_8xu64	x8	0.50	10000000	32	PASS	80000000\t10312265640387957683\t11652022222536988825\n	80000000\t10312265640387957683\t11652022222536988825\n	2.61
1e7_64B_8xu64_skew_h1.00_t32	64B_8xu64	skew	1.00	10000000	32	PASS	160000000\t2820920115431369845\t2964102464968077901\n	160000000\t2820920115431369845\t2964102464968077901\n	2.68
1e7_64B_8xu64_skew_h0.50_t32	64B_8xu64	skew	0.50	10000000	32	PASS	80000000\t14178747386183281371\t1508668894671058507\n	80000000\t14178747386183281371\t1508668894671058507\n	2.49
1e7_64B_8xu64_skew_h0.05_t32	64B_8xu64	skew	0.05	10000000	32	PASS	8000000\t5154728318328038042\t4991473035583618174\n	8000000\t5154728318328038042\t4991473035583618174\n	1.68
