q	run	sec	build_rows	rf_created	prealloc	sel_rows
q1	r1	0.335	76236	4	0	6517593
q1	r2	0.032	76236	4	37360	6517593
q1	r3	0.032	76236	4	37360	6517593
q1	r4	0.165	76236	4	37360	6517593
q1	r5	0.031	76236	4	37360	6517593
q1	r6	0.031	76236	4	37360	6517593
q2	r1	0.214	4305396	4	0	6517593
q2	r2	0.131	4334708	4	1308928	6517593
q2	r3	0.114	4304195	4	1338240	6517593
q2	r4	0.115	4302813	4	1338240	6517593
q2	r5	0.118	4306771	4	1338240	6517593
q2	r6	0.118	4298047	4	1338240	6517593
q3	r1	0.094	37657	4	0	6517593
q3	r2	0.026	37657	4	11344	6517593
q3	r3	0.026	37657	4	11344	6517593
q3	r4	0.026	37657	4	11344	6517593
q3	r5	0.026	37657	4	11344	6517593
q3	r6	0.026	37657	4	11344	6517593
q4	r1	0.167	4519050	4	947456	6517593
q4	r2	0.111	4605193	4	1522592	6517593
q4	r3	0.111	4609699	4	1608736	6517593
q4	r4	0.12	4608128	4	1613232	6517593
q4	r5	0.124	4612534	4	1613232	6517593
q4	r6	0.111	4607000	4	1616080	6517593
q5	r1	0.132	2847399	4	18688	10030538
q5	r2	0.055	2847399	4	414656	10030538
q5	r3	0.055	2847399	4	414656	10030538
q5	r4	0.054	2847399	4	414656	10030538
q5	r5	0.055	2847399	4	414656	10030538
q5	r6	0.058	2847399	4	414656	10030538
q6	r1	0.123	2699014	4	325120	10030538
q6	r2	0.051	2699014	4	301904	10030538
q6	r3	0.051	2699014	4	301904	10030538
q6	r4	0.051	2699014	4	301904	10030538
q6	r5	0.052	2699014	4	301904	10030538
q6	r6	0.051	2699014	4	301904	10030538
q7	r1	0.084	2609134	4	239176	10030538
q7	r2	0.031	2609134	4	234992	10030538
q7	r3	0.03	2609134	4	234992	10030538
q7	r4	0.03	2609134	4	234992	10030538
q7	r5	0.031	2609134	4	234992	10030538
q7	r6	0.03	2609134	4	234992	10030538
q8	r1	0.151	4408821	4	234992	10030538
q8	r2	0.068	4408821	4	1452576	10030538
q8	r3	0.069	4408821	4	1452576	10030538
q8	r4	0.067	4408821	4	1452576	10030538
q8	r5	0.069	4408821	4	1452576	10030538
q8	r6	0.071	4408821	4	1452576	10030538
q9	r1	0.522	4538404	2	0	22022132
q9	r2	0.13	4538404	2	146432	22022132
q9	r3	0.129	4538404	2	146432	22022132
q9	r4	0.131	4538404	2	146432	22022132
q9	r5	0.133	4538404	2	146432	22022132
q9	r6	0.134	4538404	2	146432	22022132
q10	r1	0.514	4537190	2	144912	22022132
q10	r2	0.126	4537190	2	145216	22022132
q10	r3	0.131	4537190	2	145216	22022132
q10	r4	0.131	4537190	2	145216	22022132
q10	r5	0.128	4537190	2	145216	22022132
q10	r6	0.128	4537190	2	145216	22022132
q11	r1	0.523	4542938	2	144912	22022132
q11	r2	0.134	4542938	2	150960	22022132
q11	r3	0.132	4542938	2	150960	22022132
q11	r4	0.134	4542938	2	150960	22022132
q11	r5	0.132	4542938	2	150960	22022132
q11	r6	0.135	4542938	2	150960	22022132
q12	r1	0.148	986746	4	0	8566560
q12	r2	0.06	986746	4	469020	8566560
q12	r3	0.06	986746	4	469020	8566560
q12	r4	0.06	986746	4	469020	8566560
q12	r5	0.059	986746	4	469020	8566560
q12	r6	0.059	986746	4	469020	8566560
q13	r1	0.104	8729	4	12	8566560
q13	r2	0.025	8729	4	380	8566560
q13	r3	0.025	8729	4	380	8566560
q13	r4	0.025	8729	4	380	8566560
q13	r5	0.026	8729	4	380	8566560
q13	r6	0.025	8729	4	380	8566560
q14	r1	0.16	1579869	4	12	8566560
q14	r2	0.075	1579869	4	773468	8566560
q14	r3	0.072	1579869	4	773468	8566560
q14	r4	0.072	1579869	4	773468	8566560
q14	r5	0.071	1579869	4	773468	8566560
q14	r6	0.074	1579869	4	773468	8566560
q15	r1	0.043	24025	3	0	2609133
q15	r2	0.02	24025	3	0	2609133
q15	r3	0.02	24025	3	0	2609133
q15	r4	0.02	24025	3	0	2609133
q15	r5	0.02	24025	3	0	2609133
q15	r6	0.02	24025	3	0	2609133
q16	r1	0.042	1418	3	0	2609133
q16	r2	0.019	1418	3	0	2609133
q16	r3	0.02	1418	3	0	2609133
q16	r4	0.019	1418	3	0	2609133
q16	r5	0.019	1418	3	0	2609133
q16	r6	0.018	1418	3	0	2609133
q17	r1	0.497	297291	3	324496	19973278
q17	r2	0.125	297291	3	1632	19973278
q17	r3	0.125	297291	3	1632	19973278
q17	r4	0.123	297291	3	1632	19973278
q17	r5	0.121	297291	3	1632	19973278
q17	r6	0.122	297291	3	1632	19973278
q18	r1	0.148	391680	4	64	47598247
q18	r2	0.046	391680	4	391664	47598247
q18	r3	0.049	391680	4	391664	47598247
q18	r4	0.045	391680	4	391664	47598247
q18	r5	0.046	391680	4	391664	47598247
q18	r6	0.046	391680	4	391664	47598247
q19	r1	0.14	484	4	0	47598247
q19	r2	0.04	484	4	444	47598247
q19	r3	0.039	484	4	444	47598247
q19	r4	0.039	484	4	444	47598247
q19	r5	0.039	484	4	444	47598247
q19	r6	0.039	484	4	444	47598247
q20	r1	0.136	443	4	432	47598247
q20	r2	0.038	443	4	432	47598247
q20	r3	0.037	443	4	432	47598247
q20	r4	0.038	443	4	432	47598247
q20	r5	0.038	443	4	432	47598247
q20	r6	0.04	443	4	432	47598247
q21	r1	0.152	1395628	4	0	47598247
q21	r2	0.056	1395628	4	1393280	47598247
q21	r3	0.053	1395628	4	1393280	47598247
q21	r4	0.053	1395628	4	1393280	47598247
q21	r5	0.053	1395628	4	1393280	47598247
q21	r6	0.055	1395628	4	1393280	47598247
q22	r1	0.148	1381467	4	1381440	47598247
q22	r2	0.05	1381467	4	1381440	47598247
q22	r3	0.051	1381467	4	1381440	47598247
q22	r4	0.05	1381467	4	1381440	47598247
q22	r5	0.05	1381467	4	1381440	47598247
q22	r6	0.051	1381467	4	1381440	47598247
q23	r1	0.666	41793296	4	1381440	47598247
q23	r2	0.508	41784620	4	7880528	47598247
q23	r3	0.499	41784620	4	7880528	47598247
q23	r4	0.496	41784620	4	7880528	47598247
q23	r5	0.519	41784620	4	7880528	47598247
q23	r6	0.497	41784620	4	7880528	47598247
q24	r1	0.437	37218260	7	0	46835282
q24	r2	0.319	37216368	7	34273648	46835282
q24	r3	0.312	37216096	7	34273648	46835282
q24	r4	0.328	37216096	7	34273648	46835282
q24	r5	0.312	37216096	7	34273648	46835282
q24	r6	0.326	37216096	7	34273648	46835282
q25	r1	0.44	36428799	7	33330512	46835282
q25	r2	0.304	36428768	7	33508816	46835282
q25	r3	0.304	36428783	7	33508816	46835282
q25	r4	0.302	36428783	7	33508816	46835282
q25	r5	0.288	36428768	7	33508816	46835282
q25	r6	0.31	36428739	7	33508816	46835282
q26	r1	0.872	38385209	7	33330512	46835282
q26	r2	0.701	38381051	7	35427920	46835282
q26	r3	0.682	38381051	7	35427920	46835282
q26	r4	0.734	38381051	7	35427920	46835282
q26	r5	0.697	38381051	7	35427920	46835282
q26	r6	0.689	38381051	7	35427920	46835282
q27	r1	0.209	2608335	5	0	46685628
q27	r2	0.083	2608335	5	2594736	46685628
q27	r3	0.079	2608335	5	2594736	46685628
q27	r4	0.078	2608335	5	2594736	46685628
q27	r5	0.083	2608335	5	2594736	46685628
q27	r6	0.074	2608335	5	2594736	46685628
q28	r1	0.192	31706	5	30400	46685628
q28	r2	0.07	31706	5	30400	46685628
q28	r3	0.075	31706	5	30400	46685628
q28	r4	0.071	31706	5	30400	46685628
q28	r5	0.071	31706	5	30400	46685628
q28	r6	0.065	31706	5	30400	46685628
q29	r1	0.329	16799639	6	2528304	46685628
q29	r2	0.228	17011474	6	9131392	46685628
q29	r3	0.166	13943753	6	9147440	46685628
q29	r4	0.189	15762867	6	9147440	46685628
q29	r5	0.2	16186088	6	9147440	46685628
q29	r6	0.184	15734437	6	9147440	46685628
q30	r1	0.156	6452530	6	9147440	46685628
q30	r2	0.081	6792461	6	5946432	46685628
q30	r3	0.092	8124013	6	6142432	46685628
q30	r4	0.091	8170783	6	6884720	46685628
q30	r5	0.088	8132368	6	6896880	46685628
q30	r6	0.089	8255652	6	6896880	46685628
q31	r1	0.269	4562390	6	0	49825967
q31	r2	0.106	4541359	6	4516096	49825967
q31	r3	0.108	4544771	6	4516096	49825967
q31	r4	0.121	4542584	6	4516096	49825967
q31	r5	0.107	4542330	6	4516096	49825967
q31	r6	0.106	4541576	6	4516096	49825967
q32	r1	0.261	3798851	6	3140336	49825967
q32	r2	0.096	3797251	6	3790256	49825967
q32	r3	0.096	3797251	6	3790256	49825967
q32	r4	0.096	3797438	6	3790256	49825967
q32	r5	0.095	3797438	6	3790256	49825967
q32	r6	0.095	3797251	6	3790256	49825967
q33	r1	0.264	5817324	7	3225168	49825967
q33	r2	0.104	5817324	7	5812848	49825967
q33	r3	0.105	5817324	7	5812848	49825967
q33	r4	0.106	5817324	7	5812848	49825967
q33	r5	0.107	5817324	7	5812848	49825967
q33	r6	0.103	5817324	7	5812848	49825967
q34	r1	0.311	7442678	7	5756272	49825967
q34	r2	0.142	7492090	7	6964368	49825967
q34	r3	0.14	7547674	7	6968224	49825967
q34	r4	0.125	7462821	7	6980976	49825967
q34	r5	0.128	7512310	7	6980976	49825967
q34	r6	0.131	7510071	7	6980976	49825967
q35	r1	0.249	3153495	6	0	44757137
q35	r2	0.083	3153495	6	3150720	44757137
q35	r3	0.081	3153495	6	3150720	44757137
q35	r4	0.081	3153495	6	3150720	44757137
q35	r5	0.082	3153495	6	3150720	44757137
q35	r6	0.081	3153495	6	3150720	44757137
q36	r1	0.138	3140357	6	3140336	41913011
q36	r2	0.058	3140357	6	3140336	41913011
q36	r3	0.054	3140357	6	3140336	41913011
q36	r4	0.054	3140357	6	3140336	41913011
q36	r5	0.054	3140357	6	3140336	41913011
q36	r6	0.057	3140358	6	3140336	41913011
q37	r1	0.18	3225225	6	3225168	44757137
q37	r2	0.069	3225225	6	3225168	44757137
q37	r3	0.069	3225225	6	3225168	44757137
q37	r4	0.07	3225225	6	3225168	44757137
q37	r5	0.074	3225225	6	3225168	44757137
q37	r6	0.07	3225225	6	3225168	44757137
q38	r1	0.007	0	0	0	0
q38	r2	0.005	0	0	0	0
q38	r3	0.005	0	0	0	0
q38	r4	0.005	0	0	0	0
q38	r5	0.005	0	0	0	0
q38	r6	0.005	0	0	0	0
q39	r1	0.005	0	0	0	0
q39	r2	0.005	0	0	0	0
q39	r3	0.005	0	0	0	0
q39	r4	0.005	0	0	0	0
q39	r5	0.005	0	0	0	0
q39	r6	0.005	0	0	0	0
q40	r1	0.144	2318111	7	0	10060557
q40	r2	0.052	2318021	7	2294187	10060557
q40	r3	0.056	2318021	7	2294187	10060557
q40	r4	0.065	2318021	7	2294187	10060557
q40	r5	0.053	2318021	7	2294187	10060557
q40	r6	0.053	2318021	7	2294187	10060557
q41	r1	0.142	2318111	7	2294187	10060557
q41	r2	0.053	2318021	7	2294187	10060557
q41	r3	0.054	2318021	7	2294187	10060557
q41	r4	0.064	2318021	7	2294187	10060557
q41	r5	0.056	2318021	7	2294187	10060557
q41	r6	0.053	2318021	7	2294187	10060557
q42	r1	0.531	897062	6	416	21588423
q42	r2	0.139	899899	6	583600	21588423
q42	r3	0.141	959336	6	583696	21588423
q42	r4	0.142	967516	6	585472	21588423
q42	r5	0.138	909788	6	585840	21588423
q42	r6	0.14	959336	6	585840	21588423
q43	r1	0.142	627388	7	78432	21588423
q43	r2	0.057	627388	7	269008	21588423
q43	r3	0.057	627388	7	269008	21588423
q43	r4	0.082	627388	7	269008	21588423
q43	r5	0.057	627388	7	269008	21588423
q43	r6	0.057	627388	7	269008	21588423
q44	r1	0.544	2423193	6	87200	21588423
q44	r2	0.155	2305110	6	1356720	21588423
q44	r3	0.157	2364410	6	1356720	21588423
q44	r4	0.158	2364410	6	1356720	21588423
q44	r5	0.154	2330713	6	1356720	21588423
q44	r6	0.158	2386819	6	1356720	21588423
q45	r1	0.305	11480843	8	0	21588430
q45	r2	0.184	12369651	8	2735552	21588430
q45	r3	0.207	12831186	8	2761584	21588430
q45	r4	0.161	11260164	8	2766176	21588430
q45	r5	0.286	11364646	8	2766176	21588430
q45	r6	0.107	10342693	8	2766176	21588430
q46	r1	0.207	13412295	8	2714272	21588430
q46	r2	0.138	13472436	8	3287824	21588430
q46	r3	0.129	13763488	8	3287824	21588430
q46	r4	0.129	13763408	8	3287856	21588430
q46	r5	0.127	14406681	8	3287856	21588430
q46	r6	0.127	14791713	8	3287856	21588430
q47	r1	0.212	13279078	8	3287856	21588430
q47	r2	0.127	12241680	8	3289136	21588430
q47	r3	0.123	13121150	8	3289136	21588430
q47	r4	0.128	12876700	8	3289136	21588430
q47	r5	0.131	14927528	8	3289136	21588430
q47	r6	0.126	14384617	8	3289136	21588430
q48	r1	0.216	13328840	8	3289136	21588430
q48	r2	0.138	13851980	8	3289136	21588430
q48	r3	0.141	14757786	8	3289136	21588430
q48	r4	0.132	13038708	8	3289136	21588430
q48	r5	0.13	13338610	8	3289136	21588430
q48	r6	0.136	14714713	8	3289136	21588430
q49	r1	0.537	39869	6	0	23402400
q49	r2	0.14	39869	6	29968	23402400
q49	r3	0.13	39869	6	29968	23402400
q49	r4	0.132	39869	6	29968	23402400
q49	r5	0.129	39869	6	29968	23402400
q49	r6	0.132	39869	6	29968	23402400
q50	r1	0.525	19543	6	0	23402400
q50	r2	0.137	19543	6	19504	23402400
q50	r3	0.13	19543	6	19504	23402400
q50	r4	0.127	19543	6	19504	23402400
q50	r5	0.133	19543	6	19504	23402400
q50	r6	0.127	19543	6	19504	23402400
q51	r1	0.541	49283	6	0	23402400
q51	r2	0.136	49283	6	37664	23402400
q51	r3	0.134	49283	6	37664	23402400
q51	r4	0.135	49283	6	37664	23402400
q51	r5	0.136	49283	6	37664	23402400
q51	r6	0.134	49283	6	37664	23402400
q52	r1	0.338	4988348	8	0	25227847
q52	r2	0.102	4988348	8	937360	25227847
q52	r3	0.1	4988348	8	937360	25227847
q52	r4	0.098	4988348	8	937360	25227847
q52	r5	0.098	4988348	8	937360	25227847
q52	r6	0.099	4988348	8	937360	25227847
q53	r1	0.329	4797339	8	611074	25227847
q53	r2	0.092	4797338	8	746860	25227847
q53	r3	0.094	4797339	8	746861	25227847
q53	r4	0.094	4797339	8	746861	25227847
q53	r5	0.095	4797339	8	746861	25227847
q53	r6	0.09	4797339	8	746861	25227847
q54	r1	0.302	227637	8	610944	25227847
q54	r2	0.084	227637	8	223088	25227847
q54	r3	0.084	227637	8	223088	25227847
q54	r4	0.108	227637	8	223088	25227847
q54	r5	0.083	227637	8	223088	25227847
q54	r6	0.084	227637	8	223088	25227847
q55	r1	0.173	252691	8	219472	25227847
q55	r2	0.062	252689	8	238368	25227847
q55	r3	0.061	252686	8	238368	25227847
q55	r4	0.062	252686	8	238368	25227847
q55	r5	0.062	252689	8	238368	25227847
q55	r6	0.062	252688	8	238368	25227847
q56	r1	0.441	23404282	7	1650048	51343716
q56	r2	0.277	23378819	7	7425456	51343716
q56	r3	0.277	23378819	7	7425456	51343716
q56	r4	0.275	23378819	7	7425456	51343716
q56	r5	0.277	23378819	7	7425456	51343716
q56	r6	0.272	23380721	7	7425456	51343716
q57	r1	0.465	24028512	7	9945696	51343716
q57	r2	0.308	24002534	7	8058480	51343716
q57	r3	0.294	24002534	7	8058480	51343716
q57	r4	0.298	24002534	7	8058480	51343716
q57	r5	0.298	24005170	7	8058480	51343716
q57	r6	0.292	24005170	7	8058480	51343716
q58	r1	0.462	24005512	7	7417392	51343716
q58	r2	0.301	23982775	7	8037072	51343716
q58	r3	0.298	23985398	7	8037072	51343716
q58	r4	0.299	23985398	7	8037072	51343716
q58	r5	0.298	23982775	7	8037072	51343716
q58	r6	0.299	23985398	7	8037072	51343716
q59	r1	0.444	23549567	7	7417392	51343716
q59	r2	0.287	23529805	7	7577104	51343716
q59	r3	0.284	23531754	7	7577104	51343716
q59	r4	0.281	23529805	7	7577104	51343716
q59	r5	0.28	23529805	7	7577104	51343716
q59	r6	0.295	23534154	7	7577104	51343716
q60	r1	0.245	2296250	6	1258928	50442373
q60	r2	0.093	2296250	6	2198656	50442373
q60	r3	0.093	2296250	6	2198656	50442373
q60	r4	0.092	2296250	6	2198656	50442373
q60	r5	0.092	2296250	6	2198656	50442373
q60	r6	0.092	2296250	6	2198656	50442373
q61	r1	0.21	5298013	6	1174096	50442373
q61	r2	0.087	5134112	6	3663088	50442373
q61	r3	0.085	5134112	6	3663088	50442373
q61	r4	0.084	5134112	6	3663088	50442373
q61	r5	0.082	5134112	6	3663088	50442373
q61	r6	0.091	5134112	6	3663088	50442373
q62	r1	0.158	5195710	6	3626928	50442373
q62	r2	0.067	5100602	6	3629584	50442373
q62	r3	0.065	5100602	6	3629584	50442373
q62	r4	0.064	5100602	6	3629584	50442373
q62	r5	0.065	5100602	6	3629584	50442373
q62	r6	0.064	5100602	6	3629584	50442373
q63	r1	0.219	5241977	6	3626928	50442373
q63	r2	0.073	5103154	6	3632144	50442373
q63	r3	0.073	5103154	6	3632144	50442373
q63	r4	0.071	5103154	6	3632144	50442373
q63	r5	0.07	5103154	6	3632144	50442373
q63	r6	0.073	5103154	6	3632144	50442373
q64	r1	0.661	42289590	6	5257280	50442373
q64	r2	0.52	42281038	6	7799088	50442373
q64	r3	0.511	42282179	6	7799088	50442373
q64	r4	0.514	42282179	6	7799088	50442373
q64	r5	0.51	42281038	6	7799088	50442373
q64	r6	0.507	42282179	6	7799088	50442373
q65	r1	0.258	5700360	6	2001248	50442373
q65	r2	0.099	5634654	6	4065440	50442373
q65	r3	0.099	5634654	6	4065440	50442373
q65	r4	0.1	5634654	6	4065440	50442373
q65	r5	0.099	5634654	6	4065440	50442373
q65	r6	0.105	5634654	6	4065440	50442373
q66	r1	0.198	132303	5	2170960	59156128
q66	r2	0.075	132303	5	132112	59156128
q66	r3	0.075	132303	5	132112	59156128
q66	r4	0.074	132303	5	132112	59156128
q66	r5	0.075	132303	5	132112	59156128
q66	r6	0.075	132303	5	132112	59156128
q67	r1	0.007	0	0	0	0
q67	r2	0.007	0	0	0	0
q67	r3	0.007	0	0	0	0
q67	r4	0.008	0	0	0	0
q67	r5	0.007	0	0	0	0
q67	r6	0.007	0	0	0	0
q68	r1	0.587	2106908	5	672	59156128
q68	r2	0.166	2106908	5	2035504	59156128
q68	r3	0.159	2106908	5	2035504	59156128
q68	r4	0.164	2106908	5	2035504	59156128
q68	r5	0.16	2106908	5	2035504	59156128
q68	r6	0.162	2106908	5	2035504	59156128
q69	r1	0.657	4190754	8	3225168	64661800
q69	r2	0.204	4190359	8	4134000	64661800
q69	r3	0.202	4190356	8	4134000	64661800
q69	r4	0.204	4190031	8	4134000	64661800
q69	r5	0.202	4189839	8	4134000	64661800
q69	r6	0.206	4189839	8	4134000	64661800
q70	r1	0.625	3231906	8	3225168	64661800
q70	r2	0.184	3231906	8	3231280	64661800
q70	r3	0.208	3231906	8	3231280	64661800
q70	r4	0.215	3231906	8	3231280	64661800
q70	r5	0.185	3231906	8	3231280	64661800
q70	r6	0.186	3231906	8	3231280	64661800
q71	r1	0.65	4301986	8	3225168	64661800
q71	r2	0.218	4301993	8	3960704	64661800
q71	r3	0.205	4301986	8	3960704	64661800
q71	r4	0.203	4301986	8	3960704	64661800
q71	r5	0.204	4301986	8	3960704	64661800
q71	r6	0.207	4301986	8	3960704	64661800
q72	r1	0.349	15520421	8	5685552	64661800
q72	r2	0.177	14681011	8	7633696	64661800
q72	r3	0.189	17521875	8	7633696	64661800
q72	r4	0.181	17364698	8	7633696	64661800
q72	r5	0.174	16299267	8	7633696	64661800
q72	r6	0.183	17339675	8	7633696	64661800
q73	r1	0.221	4168116	9	0	50873687
q73	r2	0.085	4168116	9	4167808	50873687
q73	r3	0.082	4168116	9	4167808	50873687
q73	r4	0.081	4168116	9	4167808	50873687
q73	r5	0.089	4168116	9	4167808	50873687
q73	r6	0.082	4168116	9	4167808	50873687
q74	r1	0.219	96222	9	16	50873687
q74	r2	0.085	96222	9	93904	50873687
q74	r3	0.074	96222	9	93904	50873687
q74	r4	0.079	96222	9	93904	50873687
q74	r5	0.078	96222	9	93904	50873687
q74	r6	0.074	96222	9	93904	50873687
q75	r1	0.351	5036993	9	4167792	50873687
q75	r2	0.143	5036993	9	4729776	50873687
q75	r3	0.138	5036993	9	4729776	50873687
q75	r4	0.154	5036993	9	4729776	50873687
q75	r5	0.142	5036993	9	4729776	50873687
q75	r6	0.147	5036993	9	4729776	50873687
q76	r1	0.007	0	0	0	0
q76	r2	0.006	0	0	0	0
q76	r3	0.006	0	0	0	0
q76	r4	0.006	0	0	0	0
q76	r5	0.006	0	0	0	0
q76	r6	0.006	0	0	0	0
q77	r1	0.007	0	0	0	0
q77	r2	0.006	0	0	0	0
q77	r3	0.006	0	0	0	0
q77	r4	0.006	0	0	0	0
q77	r5	0.006	0	0	0	0
q77	r6	0.006	0	0	0	0
q78	r1	0.007	0	0	0	0
q78	r2	0.006	0	0	0	0
q78	r3	0.006	0	0	0	0
q78	r4	0.006	0	0	0	0
q78	r5	0.006	0	0	0	0
q78	r6	0.006	0	0	0	0
q79	r1	0.614	608238	9	0	26246530
q79	r2	0.176	608238	9	499680	26246530
q79	r3	0.174	608238	9	499680	26246530
q79	r4	0.176	608238	9	499680	26246530
q79	r5	0.172	608238	9	499680	26246530
q79	r6	0.175	608238	9	499680	26246530
q80	r1	0.594	608238	9	499680	26246530
q80	r2	0.168	608238	9	499680	26246530
q80	r3	0.169	608238	9	499680	26246530
q80	r4	0.17	608238	9	499680	26246530
q80	r5	0.169	608238	9	499680	26246530
q80	r6	0.169	608238	9	499680	26246530
q81	r1	0.609	893564	9	30256	26246530
q81	r2	0.174	893564	9	712160	26246530
q81	r3	0.173	893564	9	712160	26246530
q81	r4	0.172	893564	9	712160	26246530
q81	r5	0.176	893564	9	712160	26246530
q81	r6	0.171	893564	9	712160	26246530
q82	r1	0.6	1765790	9	669408	26246530
q82	r2	0.173	1765790	9	848704	26246530
q82	r3	0.174	1765790	9	848704	26246530
q82	r4	0.175	1765790	9	848704	26246530
q82	r5	0.174	1765790	9	848704	26246530
q82	r6	0.173	1765790	9	848704	26246530
q83	r1	0.361	11965374	10	0	25001472
q83	r2	0.127	11943773	10	1213392	25001472
q83	r3	0.121	11943687	10	1213472	25001472
q83	r4	0.134	11943811	10	1213472	25001472
q83	r5	0.119	11943818	10	1213504	25001472
q83	r6	0.12	11943843	10	1213520	25001472
q84	r1	0.325	91210	10	585456	25001472
q84	r2	0.084	91210	10	86924	25001472
q84	r3	0.084	91210	10	86924	25001472
q84	r4	0.084	91210	10	86924	25001472
q84	r5	0.083	91210	10	86924	25001472
q84	r6	0.083	91210	10	86924	25001472
q85	r1	0.354	11961035	10	712464	25001472
q85	r2	0.131	11946949	10	1211872	25001472
q85	r3	0.121	11946926	10	1211984	25001472
q85	r4	0.119	11946980	10	1211984	25001472
q85	r5	0.121	11946980	10	1212016	25001472
q85	r6	0.123	11946980	10	1212016	25001472
q86	r1	0.687	146631	12	84832	69319900
q86	r2	0.205	146611	12	141808	69319900
q86	r3	0.203	146620	12	141808	69319900
q86	r4	0.244	146631	12	141820	69319900
q86	r5	0.203	146700	12	141819	69319900
q86	r6	0.203	146613	12	141825	69319900
q87	r1	0.676	59749	12	50044	69319900
q87	r2	0.199	59749	12	56144	69319900
q87	r3	0.199	59751	12	56144	69319900
q87	r4	0.196	59749	12	56144	69319900
q87	r5	0.2	59757	12	56144	69319900
q87	r6	0.197	59749	12	56144	69319900
q88	r1	0.636	4313411	7	0	63814228
q88	r2	0.167	4313411	7	4306528	63814228
q88	r3	0.167	4313411	7	4306528	63814228
q88	r4	0.171	4313411	7	4306528	63814228
q88	r5	0.17	4313411	7	4306528	63814228
q88	r6	0.168	4313411	7	4306528	63814228
q89	r1	0.631	2261288	6	1741376	63814228
q89	r2	0.161	2261288	6	2243632	63814228
q89	r3	0.16	2261288	6	2243632	63814228
q89	r4	0.159	2261288	6	2243632	63814228
q89	r5	0.159	2261288	6	2243632	63814228
q89	r6	0.159	2261288	6	2243632	63814228
q90	r1	0.65	4532445	7	4276512	63814228
q90	r2	0.192	4532445	7	4444112	63814228
q90	r3	0.189	4532445	7	4444112	63814228
q90	r4	0.188	4532445	7	4444112	63814228
q90	r5	0.185	4532445	7	4444112	63814228
q90	r6	0.182	4532445	7	4444112	63814228
q91	r1	0.358	4488877	11	0	52253835
q91	r2	0.141	4488877	11	4488416	52253835
q91	r3	0.14	4488877	11	4488416	52253835
q91	r4	0.14	4488877	11	4488416	52253835
q91	r5	0.141	4488877	11	4488416	52253835
q91	r6	0.141	4488877	11	4488416	52253835
q92	r1	0.314	4366004	11	4347632	52253835
q92	r2	0.126	4366004	11	4365936	52253835
q92	r3	0.121	4366004	11	4365936	52253835
q92	r4	0.125	4366004	11	4365936	52253835
q92	r5	0.121	4366004	11	4365936	52253835
q92	r6	0.121	4366004	11	4365936	52253835
q93	r1	0.351	5172384	11	4686032	52253835
q93	r2	0.151	5172384	11	4865152	52253835
q93	r3	0.152	5172384	11	4865152	52253835
q93	r4	0.147	5172384	11	4865152	52253835
q93	r5	0.15	5172384	11	4865152	52253835
q93	r6	0.153	5172384	11	4865152	52253835
q94	r1	0.006	0	0	0	0
q94	r2	0.006	0	0	0	0
q94	r3	0.006	0	0	0	0
q94	r4	0.006	0	0	0	0
q94	r5	0.006	0	0	0	0
q94	r6	0.006	0	0	0	0
q95	r1	0.006	0	0	0	0
q95	r2	0.006	0	0	0	0
q95	r3	0.006	0	0	0	0
q95	r4	0.006	0	0	0	0
q95	r5	0.006	0	0	0	0
q95	r6	0.006	0	0	0	0
q96	r1	0.006	0	0	0	0
q96	r2	0.006	0	0	0	0
q96	r3	0.006	0	0	0	0
q96	r4	0.006	0	0	0	0
q96	r5	0.006	0	0	0	0
q96	r6	0.006	0	0	0	0
q97	r1	0.647	930219	13	0	26381624
q97	r2	0.185	930219	13	852816	26381624
q97	r3	0.181	930219	13	852816	26381624
q97	r4	0.18	930219	13	852816	26381624
q97	r5	0.182	930219	13	852816	26381624
q97	r6	0.18	930219	13	852816	26381624
q98	r1	0.606	359999	13	188708	26381624
q98	r2	0.162	359999	13	352874	26381624
q98	r3	0.162	359999	13	352874	26381624
q98	r4	0.162	359999	13	352874	26381624
q98	r5	0.168	359999	13	352874	26381624
q98	r6	0.162	359999	13	352874	26381624
q99	r1	0.639	944622	13	816192	26381624
q99	r2	0.184	944622	13	855584	26381624
q99	r3	0.185	944622	13	855584	26381624
q99	r4	0.183	944622	13	855584	26381624
q99	r5	0.183	944622	13	855584	26381624
q99	r6	0.182	944622	13	855584	26381624
q100	r1	0.734	718918	18	588208	72418771
q100	r2	0.225	718918	18	291296	72418771
q100	r3	0.224	718918	18	291296	72418771
q100	r4	0.242	718918	18	291296	72418771
q100	r5	0.224	718918	18	291296	72418771
q100	r6	0.223	718918	18	291296	72418771
q101	r1	0.718	232540	18	203328	72418771
q101	r2	0.222	232540	18	290608	72418771
q101	r3	0.206	232540	18	290608	72418771
q101	r4	0.207	232540	18	290608	72418771
q101	r5	0.207	232540	18	290608	72418771
q101	r6	0.206	232540	18	290608	72418771
q102	r1	0.779	4902670	19	291296	72418771
q102	r2	0.26	4902670	19	4474843	72418771
q102	r3	0.298	4902670	19	4474843	72418771
q102	r4	0.279	4902670	19	4474843	72418771
q102	r5	0.257	4902670	19	4474843	72418771
q102	r6	0.255	4902670	19	4474843	72418771
q103	r1	0.679	2289893	10	0	63949322
q103	r2	0.193	2280815	10	2257712	63949322
q103	r3	0.194	2280815	10	2257712	63949322
q103	r4	0.194	2280829	10	2257712	63949322
q103	r5	0.193	2280813	10	2257712	63949322
q103	r6	0.193	2280814	10	2257712	63949322
q104	r1	0.675	2280471	10	2257376	63949322
q104	r2	0.197	2280468	10	2257376	63949322
q104	r3	0.192	2280473	10	2257376	63949322
q104	r4	0.198	2280469	10	2257376	63949322
q104	r5	0.195	2280467	10	2257376	63949322
q104	r6	0.194	2280481	10	2257376	63949322
q105	r1	0.69	4553192	11	2215184	63949322
q105	r2	0.21	4553189	11	4462048	63949322
q105	r3	0.204	4553186	11	4462048	63949322
q105	r4	0.207	4553184	11	4462048	63949322
q105	r5	0.203	4553183	11	4462048	63949322
q105	r6	0.204	4553185	11	4462048	63949322
q106	r1	0.685	2986122	11	0	66658354
q106	r2	0.195	2388083	11	2398064	66658354
q106	r3	0.194	2388413	11	2398064	66658354
q106	r4	0.199	2389730	11	2398064	66658354
q106	r5	0.195	2387958	11	2398064	66658354
q106	r6	0.195	2388662	11	2398064	66658354
q107	r1	0.682	1739829	9	1739672	66658354
q107	r2	0.191	1739829	9	1739725	66658354
q107	r3	0.188	1739829	9	1739725	66658354
q107	r4	0.19	1739829	9	1739725	66658354
q107	r5	0.188	1739829	9	1739725	66658354
q107	r6	0.188	1739829	9	1739725	66658354
q108	r1	0.696	5415403	11	657520	66658354
q108	r2	0.208	5415403	11	4826768	66658354
q108	r3	0.206	5415403	11	4826768	66658354
q108	r4	0.208	5415403	11	4826768	66658354
q108	r5	0.206	5415403	11	4826768	66658354
q108	r6	0.203	5415403	11	4826768	66658354
q109	r1	0.11	5111710	5	780048	9744739
q109	r2	0.051	5111710	5	5073451	9744739
q109	r3	0.05	5111710	5	5073451	9744739
q109	r4	0.051	5111710	5	5073451	9744739
q109	r5	0.047	5111710	5	5073451	9744739
q109	r6	0.051	5111710	5	5073451	9744739
q110	r1	0.113	5111710	5	5073451	9744739
q110	r2	0.053	5111710	5	5073451	9744739
q110	r3	0.05	5111710	5	5073451	9744739
q110	r4	0.049	5111710	5	5073451	9744739
q110	r5	0.051	5111710	5	5073451	9744739
q110	r6	0.051	5111710	5	5073451	9744739
q111	r1	0.147	703095	15	234992	13535201
q111	r2	0.07	703095	15	696938	13535201
q111	r3	0.071	703095	15	696938	13535201
q111	r4	0.071	703095	15	696938	13535201
q111	r5	0.07	703095	15	696938	13535201
q111	r6	0.07	703095	15	696938	13535201
q112	r1	0.135	700012	15	696320	13535201
q112	r2	0.065	700012	15	696512	13535201
q112	r3	0.066	700012	15	696512	13535201
q112	r4	0.065	700012	15	696512	13535201
q112	r5	0.065	700012	15	696512	13535201
q112	r6	0.065	700012	15	696512	13535201
q113	r1	0.161	714500	15	696320	13535201
q113	r2	0.076	714500	15	697568	13535201
q113	r3	0.075	714500	15	697568	13535201
q113	r4	0.077	714500	15	697568	13535201
q113	r5	0.077	714500	15	697568	13535201
q113	r6	0.077	714500	15	697568	13535201
