design,s,threads,rep,wall_ns,collect_ns,count_ns,insert_ns,latch_ns,ok
unchained,0,1,0,438152480,91016372,121265,347014843,0,1
unchained,0,1,1,432905769,90900270,123147,341882352,0,1
unchained,0,1,2,440677125,99213071,122217,341341837,0,1
unchained,0,1,3,432337665,90913738,123451,341300476,0,1
unchained,0,1,4,432450651,90825530,122437,341502684,0,1
chained,0,1,0,2909887396,0,0,2909887396,0,1
chained,0,1,1,2725231931,0,0,2725231931,0,1
chained,0,1,2,3125857138,0,0,3125857138,0,1
chained,0,1,3,2739289337,0,0,2739289337,0,1
chained,0,1,4,3401833172,0,0,3401833172,0,1
ch-mutex,0,1,0,1208218047,76320996,0,1131809868,1990384,1
ch-mutex,0,1,1,1205416023,76192008,0,1129147056,1990323,1
ch-mutex,0,1,2,1212678762,76433518,0,1136196252,1971403,1
ch-mutex,0,1,3,1219124164,76263981,0,1142798159,1962404,1
ch-mutex,0,1,4,1232660688,76371229,0,1156221666,1978283,1
ch-spin,0,1,0,1192833593,80114071,0,1112642524,1610353,1
ch-spin,0,1,1,1186931590,75536779,0,1111337027,1615820,1
ch-spin,0,1,2,1179892252,75282077,0,1104544895,1604339,1
ch-spin,0,1,3,1178288059,75414671,0,1102812277,1605808,1
ch-spin,0,1,4,1189265548,75422538,0,1113776250,1619978,1
unchained,0,2,0,220859496,45843165,219039,174797292,0,1
unchained,0,2,1,220928200,45866748,220215,174841237,0,1
unchained,0,2,2,220757939,46013291,216841,174527807,0,1
unchained,0,2,3,220397798,45778758,214602,174404438,0,1
unchained,0,2,4,220641619,45782050,216089,174643480,0,1
chained,0,2,0,1930092464,0,0,1930092464,0,1
chained,0,2,1,1986425372,0,0,1986425372,0,1
chained,0,2,2,1904468759,0,0,1904468759,0,1
chained,0,2,3,1948823872,0,0,1948823872,0,1
chained,0,2,4,1922460418,0,0,1922460418,0,1
ch-mutex,0,2,0,598699471,38184532,0,560501402,3288923,1
ch-mutex,0,2,1,592206321,38338174,0,553818315,3521089,1
ch-mutex,0,2,2,592573571,38324463,0,554199640,3462788,1
ch-mutex,0,2,3,601566799,38252159,0,563271916,7084359,1
ch-mutex,0,2,4,596218380,38255561,0,557920611,6476245,1
ch-spin,0,2,0,585773221,37924515,0,547800532,2882522,1
ch-spin,0,2,1,585854533,38040699,0,547770532,2941516,1
ch-spin,0,2,2,584112093,37864088,0,546200199,2782085,1
ch-spin,0,2,3,582883644,37919407,0,544918686,2801226,1
ch-spin,0,2,4,582386333,37787489,0,545009873,2917953,1
unchained,0,4,0,114153969,23351685,331308,90470976,0,1
unchained,0,4,1,113580897,23323536,327742,89929619,0,1
unchained,0,4,2,113203901,23163259,318416,89722226,0,1
unchained,0,4,3,113130002,23134033,322810,89673159,0,1
unchained,0,4,4,113720630,23417606,323429,89979595,0,1
chained,0,4,0,1023135079,0,0,1023135079,0,1
chained,0,4,1,1035129441,0,0,1035129441,0,1
chained,0,4,2,1031471623,0,0,1031471623,0,1
chained,0,4,3,1060886430,0,0,1060886430,0,1
chained,0,4,4,1027741473,0,0,1027741473,0,1
ch-mutex,0,4,0,244312592,19797675,0,224593270,3930241,1
ch-mutex,0,4,1,280929675,20035958,0,261024798,16231034,1
ch-mutex,0,4,2,246816112,19710961,0,227286530,3893368,1
ch-mutex,0,4,3,240662098,19519735,0,221231944,3918163,1
ch-mutex,0,4,4,243489165,19789942,0,223839212,3998629,1
ch-spin,0,4,0,301774605,19982174,0,282187450,3521172,1
ch-spin,0,4,1,242867814,19771281,0,223534738,3834567,1
ch-spin,0,4,2,302052870,19918494,0,282458007,3340384,1
ch-spin,0,4,3,242922441,19976026,0,223456001,3421062,1
ch-spin,0,4,4,283664199,20183360,0,264032940,3181269,1
unchained,0,8,0,60061806,11991383,446004,47624419,0,1
unchained,0,8,1,60819999,12530213,444507,47845279,0,1
unchained,0,8,2,59836054,11949448,435720,47450886,0,1
unchained,0,8,3,60738310,12757994,432009,47548307,0,1
unchained,0,8,4,60440027,12624762,436792,47378473,0,1
chained,0,8,0,523022049,0,0,523022049,0,1
chained,0,8,1,523478372,0,0,523478372,0,1
chained,0,8,2,521626635,0,0,521626635,0,1
chained,0,8,3,530846220,0,0,530846220,0,1
chained,0,8,4,523438417,0,0,523438417,0,1
ch-mutex,0,8,0,142196804,10675825,0,131492940,3801756,1
ch-mutex,0,8,1,150365153,10985869,0,139434946,3771501,1
ch-mutex,0,8,2,145316692,11053537,0,134557408,40874352,1
ch-mutex,0,8,3,117535438,10706966,0,107122494,4089669,1
ch-mutex,0,8,4,155573390,10923668,0,144623364,3948468,1
ch-spin,0,8,0,157941523,10987976,0,147072008,3590095,1
ch-spin,0,8,1,116265013,10760862,0,106030859,3775294,1
ch-spin,0,8,2,115608015,10793355,0,105351123,3731698,1
ch-spin,0,8,3,162986738,10905622,0,152044981,3599015,1
ch-spin,0,8,4,114103714,10609867,0,104051241,4547286,1
unchained,0,16,0,35062329,7221520,522871,27317938,0,1
unchained,0,16,1,35072366,7237897,541583,27292886,0,1
unchained,0,16,2,34816750,7282061,527916,27006773,0,1
unchained,0,16,3,34979650,7294525,526219,27158906,0,1
unchained,0,16,4,35285294,7335080,534767,27415447,0,1
chained,0,16,0,269072855,0,0,269072855,0,1
chained,0,16,1,265084675,0,0,265084675,0,1
chained,0,16,2,267869319,0,0,267869319,0,1
chained,0,16,3,268127292,0,0,268127292,0,1
chained,0,16,4,266292151,0,0,266292151,0,1
ch-mutex,0,16,0,79454318,6102388,0,73607270,4421009,1
ch-mutex,0,16,1,65090692,5973300,0,59418361,4453647,1
ch-mutex,0,16,2,86266928,6101708,0,80373426,4269328,1
ch-mutex,0,16,3,67504546,5979411,0,61750709,4564682,1
ch-mutex,0,16,4,65602374,5946500,0,59973788,4507919,1
ch-spin,0,16,0,84262628,6073425,0,78526074,4621091,1
ch-spin,0,16,1,65575288,6109404,0,59871344,4670664,1
ch-spin,0,16,2,65655712,6141730,0,59821526,4472247,1
ch-spin,0,16,3,65222424,6021688,0,59548718,4699206,1
ch-spin,0,16,4,65266236,5941450,0,59537416,4293676,1
unchained,0,24,0,28732090,6871861,637216,21223013,0,1
unchained,0,24,1,28830207,6875365,661389,21293453,0,1
unchained,0,24,2,28564747,6851417,623474,21089856,0,1
unchained,0,24,3,28508430,6742687,631909,21133834,0,1
unchained,0,24,4,28768958,7039168,618057,21111733,0,1
chained,0,24,0,180066809,0,0,180066809,0,1
chained,0,24,1,179292629,0,0,179292629,0,1
chained,0,24,2,178438303,0,0,178438303,0,1
chained,0,24,3,179648394,0,0,179648394,0,1
chained,0,24,4,178983057,0,0,178983057,0,1
ch-mutex,0,24,0,52732311,4237093,0,48567581,6113055,1
ch-mutex,0,24,1,52865479,4279040,0,48747539,6277047,1
ch-mutex,0,24,2,53558710,4255077,0,49395071,6243664,1
ch-mutex,0,24,3,52444669,4218132,0,48408205,7625957,1
ch-mutex,0,24,4,52846163,4232079,0,48697484,6885052,1
ch-spin,0,24,0,53646000,4245930,0,49397665,5234695,1
ch-spin,0,24,1,53778080,4281799,0,49634373,6126464,1
ch-spin,0,24,2,52264621,4280484,0,48069359,6364109,1
ch-spin,0,24,3,53669868,4326461,0,49549513,7059443,1
ch-spin,0,24,4,53933747,4279023,0,49703900,5895462,1
unchained,0,32,0,25015514,6701159,550590,17763765,0,1
unchained,0,32,1,24953316,6671603,558502,17723211,0,1
unchained,0,32,2,25000068,6691006,535518,17773544,0,1
unchained,0,32,3,24947142,6623653,557088,17766401,0,1
unchained,0,32,4,25210172,6803223,555833,17851116,0,1
chained,0,32,0,133800937,0,0,133800937,0,1
chained,0,32,1,131563266,0,0,131563266,0,1
chained,0,32,2,133020682,0,0,133020682,0,1
chained,0,32,3,132292857,0,0,132292857,0,1
chained,0,32,4,132534620,0,0,132534620,0,1
ch-mutex,0,32,0,53888358,3416599,0,50593189,13062511,1
ch-mutex,0,32,1,55094525,3403447,0,51783976,13960189,1
ch-mutex,0,32,2,52792162,3417168,0,49447795,12701219,1
ch-mutex,0,32,3,49066505,3381245,0,45773022,12686187,1
ch-mutex,0,32,4,55356032,3457240,0,52042206,12169348,1
ch-spin,0,32,0,55457888,3503028,0,52091268,10774937,1
ch-spin,0,32,1,55006837,3418612,0,51722658,10522692,1
ch-spin,0,32,2,55220930,3440628,0,51900028,11278863,1
ch-spin,0,32,3,51961499,3414332,0,48574723,11252618,1
ch-spin,0,32,4,54670127,3436047,0,51431158,10919515,1
unchained,0,48,0,22940169,6513169,658243,15768757,0,1
unchained,0,48,1,23109678,6612958,642106,15854614,0,1
unchained,0,48,2,23008154,6575350,643328,15789476,0,1
unchained,0,48,3,22967537,6543465,645393,15778679,0,1
unchained,0,48,4,23018094,6545721,655041,15817332,0,1
chained,0,48,0,90608313,0,0,90608313,0,1
chained,0,48,1,90589096,0,0,90589096,0,1
chained,0,48,2,132477673,0,0,132477673,0,1
chained,0,48,3,90516439,0,0,90516439,0,1
chained,0,48,4,90663208,0,0,90663208,0,1
ch-mutex,0,48,0,45717998,2148412,0,43626412,92281627,1
ch-mutex,0,48,1,45543950,2197132,0,43431310,94611655,1
ch-mutex,0,48,2,46114327,2183793,0,43912353,94071449,1
ch-mutex,0,48,3,46208378,2172228,0,43961249,84619112,1
ch-mutex,0,48,4,45508564,2153583,0,43335896,92700035,1
ch-spin,0,48,0,45991985,2190177,0,43766500,93887305,1
ch-spin,0,48,1,46545781,2173042,0,44321979,94758498,1
ch-spin,0,48,2,45970675,2159094,0,43821272,94165596,1
ch-spin,0,48,3,189464660,2125790,0,187290137,1045236694,1
ch-spin,0,48,4,200497252,2222217,0,197175851,1027749212,1
unchained,0,64,0,21142665,6343144,567974,14231547,0,1
unchained,0,64,1,21039809,6349601,573234,14116974,0,1
unchained,0,64,2,20906375,6276450,572225,14057700,0,1
unchained,0,64,3,21104807,6344573,565420,14194814,0,1
unchained,0,64,4,21014711,6328206,572669,14113836,0,1
chained,0,64,0,65404412,0,0,65404412,0,1
chained,0,64,1,65676030,0,0,65676030,0,1
chained,0,64,2,65572455,0,0,65572455,0,1
chained,0,64,3,66013195,0,0,66013195,0,1
chained,0,64,4,65946394,0,0,65946394,0,1
ch-mutex,0,64,0,48634054,1808868,0,46854815,129577249,1
ch-mutex,0,64,1,71639395,1792270,0,67635540,293505866,1
ch-mutex,0,64,2,68825739,1838366,0,65548623,323092539,1
ch-mutex,0,64,3,53788055,1854570,0,50425497,149022635,1
ch-mutex,0,64,4,48849279,1842171,0,46959816,121674578,1
ch-spin,0,64,0,49335082,1813315,0,47524044,133706014,1
ch-spin,0,64,1,49770738,1820983,0,47946544,141155227,1
ch-spin,0,64,2,49473791,1846420,0,47668370,140671655,1
ch-spin,0,64,3,49300659,1858848,0,47429314,135973275,1
ch-spin,0,64,4,49059905,1854298,0,47187917,139189579,1
unchained,0,96,0,26936396,9556306,679767,16700323,0,1
unchained,0,96,1,25002242,8037455,678677,16286110,0,1
unchained,0,96,2,25416280,7336072,690220,17389988,0,1
unchained,0,96,3,19425053,5716657,655412,13052984,0,1
unchained,0,96,4,19351767,5709088,670752,12971927,0,1
chained,0,96,0,325779668,0,0,325779668,0,1
chained,0,96,1,45989231,0,0,45989231,0,1
chained,0,96,2,46133435,0,0,46133435,0,1
chained,0,96,3,46108752,0,0,46108752,0,1
chained,0,96,4,324786695,0,0,324786695,0,1
ch-mutex,0,96,0,54974430,1226200,0,53732685,517135764,1
ch-mutex,0,96,1,54539797,1265358,0,53067192,502214774,1
ch-mutex,0,96,2,53832140,1246766,0,52506493,505900851,1
ch-mutex,0,96,3,68757165,1226068,0,65641307,656659773,1
ch-mutex,0,96,4,71774027,1278914,0,68864057,723823453,1
ch-spin,0,96,0,53856896,1273263,0,52645103,500603355,1
ch-spin,0,96,1,53316612,1249712,0,51866221,485659592,1
ch-spin,0,96,2,77099026,1308722,0,74093763,895350074,1
ch-spin,0,96,3,75169174,5985414,0,71759192,817428613,1
ch-spin,0,96,4,57808379,1244380,0,55002895,541905092,1
unchained,0.5,1,0,556244931,90941330,123775,465179826,0,1
unchained,0.5,1,1,554642638,90782814,121996,463737828,0,1
unchained,0.5,1,2,556250713,91128082,122848,464999783,0,1
unchained,0.5,1,3,557592794,91274000,122166,466196628,0,1
unchained,0.5,1,4,559855796,91109382,126092,468620322,0,1
chained,0.5,1,0,3703485768,0,0,3703485768,0,1
chained,0.5,1,1,3691752564,0,0,3691752564,0,1
chained,0.5,1,2,3598072926,0,0,3598072926,0,1
chained,0.5,1,3,3619851449,0,0,3619851449,0,1
chained,0.5,1,4,3669936070,0,0,3669936070,0,1
ch-mutex,0.5,1,0,1771389699,76196350,0,1695103359,1886157,1
ch-mutex,0.5,1,1,1774553085,76045239,0,1698429423,1892350,1
ch-mutex,0.5,1,2,1771578201,76479600,0,1695014504,1883656,1
ch-mutex,0.5,1,3,1766707515,75971929,0,1690671996,1896050,1
ch-mutex,0.5,1,4,1788560823,76589512,0,1711886312,1899632,1
ch-spin,0.5,1,0,1755876525,74771758,0,1681017211,1565275,1
ch-spin,0.5,1,1,1756190136,74627984,0,1681469144,1559621,1
ch-spin,0.5,1,2,1766789876,74598000,0,1692125643,1561542,1
ch-spin,0.5,1,3,1773755391,75268118,0,1698394127,1560866,1
ch-spin,0.5,1,4,1759317175,74423889,0,1684802926,1559926,1
unchained,0.5,2,0,284961145,46117580,223119,238620446,0,1
unchained,0.5,2,1,285702329,46397237,216278,239088814,0,1
unchained,0.5,2,2,284522343,45980297,219295,238322751,0,1
unchained,0.5,2,3,285247541,45860975,239268,239147298,0,1
unchained,0.5,2,4,284412971,46000975,224563,238187433,0,1
chained,0.5,2,0,1798366044,0,0,1798366044,0,1
chained,0.5,2,1,1842850660,0,0,1842850660,0,1
chained,0.5,2,2,1798699078,0,0,1798699078,0,1
chained,0.5,2,3,1799022060,0,0,1799022060,0,1
chained,0.5,2,4,1782945435,0,0,1782945435,0,1
ch-mutex,0.5,2,0,900804103,38180447,0,862571586,2058543,1
ch-mutex,0.5,2,1,899774505,38194455,0,861527525,2021845,1
ch-mutex,0.5,2,2,900063281,38149574,0,861863874,1954116,1
ch-mutex,0.5,2,3,903391501,38341370,0,864992011,1957085,1
ch-mutex,0.5,2,4,906426286,38123665,0,868253930,1969080,1
ch-spin,0.5,2,0,894791347,37377249,0,857439735,1737654,1
ch-spin,0.5,2,1,893519844,37393865,0,856203303,1751741,1
ch-spin,0.5,2,2,897032951,37343926,0,859766483,1738617,1
ch-spin,0.5,2,3,896302130,37507719,0,858727833,1778703,1
ch-spin,0.5,2,4,893100699,37386469,0,855669353,1784572,1
unchained,0.5,4,0,147288275,23176245,353850,123758180,0,1
unchained,0.5,4,1,147885912,23337021,345745,124203146,0,1
unchained,0.5,4,2,147369981,23351955,344828,123673198,0,1
unchained,0.5,4,3,147672988,23276620,347918,124048450,0,1
unchained,0.5,4,4,148512720,23294606,351567,124866547,0,1
chained,0.5,4,0,884740611,0,0,884740611,0,1
chained,0.5,4,1,896590975,0,0,896590975,0,1
chained,0.5,4,2,882438334,0,0,882438334,0,1
chained,0.5,4,3,886725271,0,0,886725271,0,1
chained,0.5,4,4,878485746,0,0,878485746,0,1
ch-mutex,0.5,4,0,457574785,19160282,0,438522716,2829396,1
ch-mutex,0.5,4,1,453935350,19142429,0,434889933,2641294,1
ch-mutex,0.5,4,2,462541059,19261244,0,443382039,6687612,1
ch-mutex,0.5,4,3,462305104,19238464,0,443105639,4082937,1
ch-mutex,0.5,4,4,458974221,19131323,0,439887536,4449217,1
ch-spin,0.5,4,0,455561663,18743967,0,436901462,2315494,1
ch-spin,0.5,4,1,452082292,18636925,0,433434274,2738148,1
ch-spin,0.5,4,2,454304312,18841748,0,435434369,2707909,1
ch-spin,0.5,4,3,454057952,18777878,0,435325031,2595360,1
ch-spin,0.5,4,4,452475012,18767403,0,433671066,2350120,1
unchained,0.5,8,0,79596470,12079245,481982,67035243,0,1
unchained,0.5,8,1,79604350,12702878,475556,66425916,0,1
unchained,0.5,8,2,79354850,12017100,471190,66866560,0,1
unchained,0.5,8,3,79632576,11944733,469321,67218522,0,1
unchained,0.5,8,4,79811745,11998117,475180,67338448,0,1
chained,0.5,8,0,427558616,0,0,427558616,0,1
chained,0.5,8,1,442726879,0,0,442726879,0,1
chained,0.5,8,2,426086673,0,0,426086673,0,1
chained,0.5,8,3,435231656,0,0,435231656,0,1
chained,0.5,8,4,419896923,0,0,419896923,0,1
ch-mutex,0.5,8,0,238970418,10526017,0,228538061,3548697,1
ch-mutex,0.5,8,1,243195129,10756794,0,232469778,3251116,1
ch-mutex,0.5,8,2,239054815,10571065,0,228554893,3116178,1
ch-mutex,0.5,8,3,239160434,10451173,0,228741967,3298363,1
ch-mutex,0.5,8,4,240936562,10632905,0,230286344,3262532,1
ch-spin,0.5,8,0,238104537,10179175,0,227889116,3556454,1
ch-spin,0.5,8,1,235860792,10155987,0,225759252,3169551,1
ch-spin,0.5,8,2,238268286,10304668,0,228051840,2954681,1
ch-spin,0.5,8,3,237398231,10225956,0,227142412,3784869,1
ch-spin,0.5,8,4,235299179,10072156,0,225388078,9967756,1
unchained,0.5,16,0,46321185,7281636,575101,38464448,0,1
unchained,0.5,16,1,45837272,7057392,576188,38203692,0,1
unchained,0.5,16,2,47330958,7371893,580024,39379041,0,1
unchained,0.5,16,3,46023477,7153974,580363,38289140,0,1
unchained,0.5,16,4,47521108,7267292,561833,39691983,0,1
chained,0.5,16,0,206434717,0,0,206434717,0,1
chained,0.5,16,1,210740398,0,0,210740398,0,1
chained,0.5,16,2,207943284,0,0,207943284,0,1
chained,0.5,16,3,208974312,0,0,208974312,0,1
chained,0.5,16,4,212414563,0,0,212414563,0,1
ch-mutex,0.5,16,0,128339859,6000222,0,122378546,3797278,1
ch-mutex,0.5,16,1,126533773,6023092,0,120524343,3703468,1
ch-mutex,0.5,16,2,125193329,6071601,0,119179836,3730811,1
ch-mutex,0.5,16,3,127954115,5977175,0,121936276,3847804,1
ch-mutex,0.5,16,4,128451006,6097590,0,122384396,3594233,1
ch-spin,0.5,16,0,124325551,5964925,0,118338091,3678726,1
ch-spin,0.5,16,1,124040205,6004796,0,118261797,3676527,1
ch-spin,0.5,16,2,129716780,6129594,0,123644841,15463975,1
ch-spin,0.5,16,3,127064548,6053358,0,120993861,3472345,1
ch-spin,0.5,16,4,124421235,5983001,0,118482299,3501575,1
unchained,0.5,24,0,37571409,6798904,630508,30141997,0,1
unchained,0.5,24,1,37564991,6835442,619432,30110117,0,1
unchained,0.5,24,2,37268981,6749682,618029,29901270,0,1
unchained,0.5,24,3,37420145,6823049,633220,29963876,0,1
unchained,0.5,24,4,37405391,6862370,621912,29921109,0,1
chained,0.5,24,0,153751915,0,0,153751915,0,1
chained,0.5,24,1,149711123,0,0,149711123,0,1
chained,0.5,24,2,151831037,0,0,151831037,0,1
chained,0.5,24,3,151941601,0,0,151941601,0,1
chained,0.5,24,4,152710855,0,0,152710855,0,1
ch-mutex,0.5,24,0,90999158,4318437,0,86649130,4172671,1
ch-mutex,0.5,24,1,91845223,4350212,0,87544047,5481248,1
ch-mutex,0.5,24,2,90713756,4361081,0,86385225,4583336,1
ch-mutex,0.5,24,3,89572317,4330356,0,85273851,4395430,1
ch-mutex,0.5,24,4,89518719,4294013,0,85313638,4287223,1
ch-spin,0.5,24,0,89502347,4321005,0,85173068,4442005,1
ch-spin,0.5,24,1,91254139,4357775,0,87075908,4184577,1
ch-spin,0.5,24,2,89005518,4314026,0,84763156,4287212,1
ch-spin,0.5,24,3,90738653,4291647,0,86550944,9417347,1
ch-spin,0.5,24,4,89566581,4352593,0,85352146,4367529,1
unchained,0.5,32,0,32793141,6719080,610671,25463390,0,1
unchained,0.5,32,1,32702035,6705969,604274,25391792,0,1
unchained,0.5,32,2,32754545,6692494,622047,25440004,0,1
unchained,0.5,32,3,32922087,6701335,637999,25582753,0,1
unchained,0.5,32,4,32906149,6745171,627403,25533575,0,1
chained,0.5,32,0,102855184,0,0,102855184,0,1
chained,0.5,32,1,103594834,0,0,103594834,0,1
chained,0.5,32,2,103426310,0,0,103426310,0,1
chained,0.5,32,3,107705585,0,0,107705585,0,1
chained,0.5,32,4,101667384,0,0,101667384,0,1
ch-mutex,0.5,32,0,75217254,3317981,0,71896616,10221043,1
ch-mutex,0.5,32,1,75724881,3336617,0,72321271,6817082,1
ch-mutex,0.5,32,2,75050389,3308356,0,71742505,6958538,1
ch-mutex,0.5,32,3,75305631,3383729,0,71906112,7671639,1
ch-mutex,0.5,32,4,75136979,3357080,0,71814843,7315080,1
ch-spin,0.5,32,0,75041526,3314575,0,71684707,5879094,1
ch-spin,0.5,32,1,74571625,3346193,0,71167321,6524506,1
ch-spin,0.5,32,2,75027871,3316835,0,71689637,6235234,1
ch-spin,0.5,32,3,81374723,3410658,0,78088337,36380206,1
ch-spin,0.5,32,4,74880867,3341564,0,71565948,7322564,1
unchained,0.5,48,0,29428765,6485383,661117,22282265,0,1
unchained,0.5,48,1,29570969,6570969,662034,22337966,0,1
unchained,0.5,48,2,29661845,6603964,668813,22389068,0,1
unchained,0.5,48,3,30563814,7434043,664908,22464863,0,1
unchained,0.5,48,4,29479080,6527815,656814,22294451,0,1
chained,0.5,48,0,78088643,0,0,78088643,0,1
chained,0.5,48,1,80337945,0,0,80337945,0,1
chained,0.5,48,2,77338029,0,0,77338029,0,1
chained,0.5,48,3,76850761,0,0,76850761,0,1
chained,0.5,48,4,85364400,0,0,85364400,0,1
ch-mutex,0.5,48,0,68261739,2342650,0,65873927,23674009,1
ch-mutex,0.5,48,1,67467067,2336515,0,65104886,27704425,1
ch-mutex,0.5,48,2,67916117,2307975,0,65451970,27228254,1
ch-mutex,0.5,48,3,67790011,2304163,0,65439183,27668213,1
ch-mutex,0.5,48,4,66027832,2328811,0,63611117,25884449,1
ch-spin,0.5,48,0,67028196,2351691,0,64682630,26056965,1
ch-spin,0.5,48,1,67360355,2314853,0,65023198,25200015,1
ch-spin,0.5,48,2,66297246,2320515,0,63945704,23205373,1
ch-spin,0.5,48,3,67765415,2316673,0,65389247,24031279,1
ch-spin,0.5,48,4,67157693,2312472,0,64728002,22864228,1
unchained,0.5,64,0,26370206,6248202,653310,19468694,0,1
unchained,0.5,64,1,26302851,6271655,652103,19379093,0,1
unchained,0.5,64,2,26589233,6307509,659276,19622448,0,1
unchained,0.5,64,3,26552443,6330159,656058,19566226,0,1
unchained,0.5,64,4,26409123,6285301,659905,19463917,0,1
chained,0.5,64,0,50210910,0,0,50210910,0,1
chained,0.5,64,1,56375466,0,0,56375466,0,1
chained,0.5,64,2,51012758,0,0,51012758,0,1
chained,0.5,64,3,258237292,0,0,258237292,0,1
chained,0.5,64,4,50171547,0,0,50171547,0,1
ch-mutex,0.5,64,0,66266138,1818863,0,64448331,77512665,1
ch-mutex,0.5,64,1,65079243,1775743,0,63208008,76420054,1
ch-mutex,0.5,64,2,64786999,1798868,0,62966655,73275932,1
ch-mutex,0.5,64,3,71678964,1814412,0,69884614,112219733,1
ch-mutex,0.5,64,4,65861994,1764623,0,64086648,71284026,1
ch-spin,0.5,64,0,65169774,1796909,0,63334694,70049446,1
ch-spin,0.5,64,1,66349399,1791501,0,64420132,73226097,1
ch-spin,0.5,64,2,64689449,1783524,0,62770008,72622175,1
ch-spin,0.5,64,3,64961421,1788490,0,63048754,74653377,1
ch-spin,0.5,64,4,64903615,1799412,0,63065504,76142259,1
unchained,0.5,96,0,30772637,8510793,688025,21573819,0,1
unchained,0.5,96,1,24651581,5733845,713774,18203962,0,1
unchained,0.5,96,2,24782025,5748666,684463,18348896,0,1
unchained,0.5,96,3,24577538,5695379,669618,18212541,0,1
unchained,0.5,96,4,30415319,7985844,689659,21739816,0,1
chained,0.5,96,0,52169099,0,0,52169099,0,1
chained,0.5,96,1,39403196,0,0,39403196,0,1
chained,0.5,96,2,322770681,0,0,322770681,0,1
chained,0.5,96,3,39964318,0,0,39964318,0,1
chained,0.5,96,4,39735582,0,0,39735582,0,1
ch-mutex,0.5,96,0,95458185,1273232,0,91442011,497769426,1
ch-mutex,0.5,96,1,71556300,1244718,0,70175221,312177087,1
ch-mutex,0.5,96,2,88237663,1267828,0,86771568,447694375,1
ch-mutex,0.5,96,3,95954103,1248393,0,94496594,520582940,1
ch-mutex,0.5,96,4,77215772,1266232,0,74743745,335339095,1
ch-spin,0.5,96,0,105060587,1247260,0,103718214,676765663,1
ch-spin,0.5,96,1,103004164,1247346,0,100363530,589727343,1
ch-spin,0.5,96,2,72092226,1249223,0,70560009,323193625,1
ch-spin,0.5,96,3,71687231,1290139,0,70395104,320309785,1
ch-spin,0.5,96,4,108042572,1237074,0,104923600,680068379,1
unchained,1,1,0,485201859,87331536,123156,397747167,0,1
unchained,1,1,1,485136221,87123258,125793,397887170,0,1
unchained,1,1,2,484466333,87196309,124822,397145202,0,1
unchained,1,1,3,486029195,87497482,125411,398406302,0,1
unchained,1,1,4,483200522,87209198,129622,395861702,0,1
chained,1,1,0,1515067218,0,0,1515067218,0,1
chained,1,1,1,1474324203,0,0,1474324203,0,1
chained,1,1,2,1569300181,0,0,1569300181,0,1
chained,1,1,3,1516343818,0,0,1516343818,0,1
chained,1,1,4,1558954034,0,0,1558954034,0,1
ch-mutex,1,1,0,1442610470,75053945,0,1367485859,2050092,1
ch-mutex,1,1,1,1473817200,75123730,0,1398608224,2111399,1
ch-mutex,1,1,2,1393298585,74986512,0,1318235394,1972449,1
ch-mutex,1,1,3,1418401518,75311703,0,1343000450,2020118,1
ch-mutex,1,1,4,1423700919,75250046,0,1348372694,2012357,1
ch-spin,1,1,0,1445889192,75847975,0,1369952808,1562318,1
ch-spin,1,1,1,1449172937,75952032,0,1373131102,1584877,1
ch-spin,1,1,2,1400577663,76154283,0,1324338200,1562293,1
ch-spin,1,1,3,1421612043,75726910,0,1345799989,1549286,1
ch-spin,1,1,4,1407605259,75875671,0,1331635715,1548419,1
unchained,1,2,0,246091460,44278714,209506,201603240,0,1
unchained,1,2,1,247307125,44489806,214802,202602517,0,1
unchained,1,2,2,246468745,44392397,229601,201846747,0,1
unchained,1,2,3,247092814,44295683,214377,202582754,0,1
unchained,1,2,4,247453044,44327650,228513,202896881,0,1
chained,1,2,0,946835473,0,0,946835473,0,1
chained,1,2,1,981941628,0,0,981941628,0,1
chained,1,2,2,1002772837,0,0,1002772837,0,1
chained,1,2,3,985581542,0,0,985581542,0,1
chained,1,2,4,951980980,0,0,951980980,0,1
ch-mutex,1,2,0,721938819,37532158,0,684355648,2056109,1
ch-mutex,1,2,1,721451699,40547602,0,680846137,2090681,1
ch-mutex,1,2,2,717745018,37646102,0,680047490,2058022,1
ch-mutex,1,2,3,718389422,37647391,0,680688086,2100570,1
ch-mutex,1,2,4,719983122,37613568,0,682527362,2059781,1
ch-spin,1,2,0,704461392,37965573,0,666570214,1718959,1
ch-spin,1,2,1,696898277,37885741,0,658955028,1692698,1
ch-spin,1,2,2,707941718,38025280,0,670041006,1694028,1
ch-spin,1,2,3,730143404,38055037,0,692196156,1893854,1
ch-spin,1,2,4,703313120,38021390,0,665366050,1699472,1
unchained,1,4,0,128521502,23869391,358318,104293793,0,1
unchained,1,4,1,128381060,23765807,356066,104259187,0,1
unchained,1,4,2,128790940,23774816,350170,104665954,0,1
unchained,1,4,3,128703641,23782344,364364,104556933,0,1
unchained,1,4,4,128913668,23763445,354386,104795837,0,1
chained,1,4,0,496323295,0,0,496323295,0,1
chained,1,4,1,491802254,0,0,491802254,0,1
chained,1,4,2,509533292,0,0,509533292,0,1
chained,1,4,3,511501899,0,0,511501899,0,1
chained,1,4,4,504794980,0,0,504794980,0,1
ch-mutex,1,4,0,359238636,18771280,0,340436119,2989345,1
ch-mutex,1,4,1,361327946,18787511,0,342582898,3180954,1
ch-mutex,1,4,2,360108483,18854691,0,341318672,3081485,1
ch-mutex,1,4,3,365474528,19083565,0,346389718,2654278,1
ch-mutex,1,4,4,364135488,18764549,0,345395437,3021090,1
ch-spin,1,4,0,361959075,18973128,0,342980615,2404507,1
ch-spin,1,4,1,363029393,19056751,0,344087816,5370596,1
ch-spin,1,4,2,362547435,18995914,0,343566019,2816691,1
ch-spin,1,4,3,354204013,18970595,0,335201087,2274467,1
ch-spin,1,4,4,363079365,19220028,0,344144957,2735926,1
unchained,1,8,0,76607790,11862707,450572,64294511,0,1
unchained,1,8,1,76698141,11853346,449246,64395549,0,1
unchained,1,8,2,77151297,11842654,463545,64845098,0,1
unchained,1,8,3,76454258,11867434,465355,64121469,0,1
unchained,1,8,4,76575472,11905778,452896,64216798,0,1
chained,1,8,0,266137844,0,0,266137844,0,1
chained,1,8,1,261987232,0,0,261987232,0,1
chained,1,8,2,264511750,0,0,264511750,0,1
chained,1,8,3,254635951,0,0,254635951,0,1
chained,1,8,4,265871828,0,0,265871828,0,1
ch-mutex,1,8,0,187331949,9634757,0,177721671,4127033,1
ch-mutex,1,8,1,186464945,9740656,0,176825104,4742813,1
ch-mutex,1,8,2,184173008,9601637,0,174608675,4347636,1
ch-mutex,1,8,3,186563021,9650210,0,176942416,4342522,1
ch-mutex,1,8,4,184233088,9592949,0,174677160,4503337,1
ch-spin,1,8,0,185281204,9822288,0,175575074,3827097,1
ch-spin,1,8,1,183330841,9681767,0,173697380,3672961,1
ch-spin,1,8,2,183623884,9751332,0,174015154,3767511,1
ch-spin,1,8,3,187532609,9761208,0,177815110,3522819,1
ch-spin,1,8,4,183501713,9617012,0,173978687,3633314,1
unchained,1,16,0,52165255,6962519,524973,44677763,0,1
unchained,1,16,1,52095714,6934336,504069,44657309,0,1
unchained,1,16,2,52217393,7004018,525013,44688362,0,1
unchained,1,16,3,52297130,6971551,524302,44801277,0,1
unchained,1,16,4,52102893,6924764,525067,44653062,0,1
chained,1,16,0,138136390,0,0,138136390,0,1
chained,1,16,1,138120631,0,0,138120631,0,1
chained,1,16,2,135369595,0,0,135369595,0,1
chained,1,16,3,138061627,0,0,138061627,0,1
chained,1,16,4,135683995,0,0,135683995,0,1
ch-mutex,1,16,0,97876705,5495527,0,92378589,17633300,1
ch-mutex,1,16,1,96607164,5379811,0,91235801,15744647,1
ch-mutex,1,16,2,96789198,5390459,0,91528368,14224408,1
ch-mutex,1,16,3,97788686,5438319,0,92459499,19522615,1
ch-mutex,1,16,4,98142462,5497793,0,92684752,18470654,1
ch-spin,1,16,0,96324519,5426893,0,91027316,17056939,1
ch-spin,1,16,1,96902956,5461078,0,91480321,14208510,1
ch-spin,1,16,2,96653235,5590844,0,91094614,15455841,1
ch-spin,1,16,3,96167366,5495552,0,90794880,15542368,1
ch-spin,1,16,4,95978920,5440756,0,90532266,14717370,1
unchained,1,24,0,46171660,6774022,532056,38865582,0,1
unchained,1,24,1,45663418,6706752,536956,38419710,0,1
unchained,1,24,2,45701695,6672130,521486,38508079,0,1
unchained,1,24,3,45816402,6680606,538022,38597774,0,1
unchained,1,24,4,45577935,6681610,527688,38368637,0,1
chained,1,24,0,93055524,0,0,93055524,0,1
chained,1,24,1,94164522,0,0,94164522,0,1
chained,1,24,2,97734877,0,0,97734877,0,1
chained,1,24,3,92257403,0,0,92257403,0,1
chained,1,24,4,94211365,0,0,94211365,0,1
ch-mutex,1,24,0,68290831,3816302,0,64462494,33260816,1
ch-mutex,1,24,1,67900718,3804648,0,64105422,29471913,1
ch-mutex,1,24,2,67758838,3900031,0,63967830,27717657,1
ch-mutex,1,24,3,68908197,3949622,0,64904198,20191379,1
ch-mutex,1,24,4,67653571,3869643,0,63756561,19968476,1
ch-spin,1,24,0,67528168,3903854,0,63563569,24161026,1
ch-spin,1,24,1,67134925,3889348,0,63347814,22550634,1
ch-spin,1,24,2,67945182,3895727,0,63981906,15208164,1
ch-spin,1,24,3,67283384,3893837,0,63475117,15467222,1
ch-spin,1,24,4,67686727,3903876,0,63731424,23395163,1
unchained,1,32,0,42766384,6634221,542936,35589227,0,1
unchained,1,32,1,43070507,6684848,565663,35819996,0,1
unchained,1,32,2,43309055,6647903,566007,36095145,0,1
unchained,1,32,3,43317205,6622050,561105,36134050,0,1
unchained,1,32,4,42806729,6607893,559082,35639754,0,1
chained,1,32,0,87231592,0,0,87231592,0,1
chained,1,32,1,80611366,0,0,80611366,0,1
chained,1,32,2,76413446,0,0,76413446,0,1
chained,1,32,3,83593287,0,0,83593287,0,1
chained,1,32,4,77756545,0,0,77756545,0,1
ch-mutex,1,32,0,58072113,2996475,0,55015665,103334396,1
ch-mutex,1,32,1,57000895,3017282,0,53943099,102387933,1
ch-mutex,1,32,2,57758606,2994241,0,54695820,108016207,1
ch-mutex,1,32,3,57545657,3036097,0,54435162,113751956,1
ch-mutex,1,32,4,56836656,2987838,0,53775513,103714165,1
ch-spin,1,32,0,57832279,3037268,0,54924302,82575460,1
ch-spin,1,32,1,57476231,3087219,0,54377920,104204338,1
ch-spin,1,32,2,57399805,3018773,0,54342335,96345927,1
ch-spin,1,32,3,56611991,3060697,0,53528887,96808527,1
ch-spin,1,32,4,56426963,3031478,0,53312366,93042117,1
unchained,1,48,0,40363323,6669681,581906,33111736,0,1
unchained,1,48,1,40295357,6596474,579997,33118886,0,1
unchained,1,48,2,40067826,6451695,593629,33022502,0,1
unchained,1,48,3,40144180,6548132,595423,33000625,0,1
unchained,1,48,4,40083801,6457135,570428,33056238,0,1
chained,1,48,0,72485393,0,0,72485393,0,1
chained,1,48,1,74963422,0,0,74963422,0,1
chained,1,48,2,82684576,0,0,82684576,0,1
chained,1,48,3,76424789,0,0,76424789,0,1
chained,1,48,4,76308819,0,0,76308819,0,1
ch-mutex,1,48,0,58266455,2058927,0,56055603,803767418,1
ch-mutex,1,48,1,57632994,2071254,0,55526830,832981871,1
ch-mutex,1,48,2,58870731,2060104,0,56794945,851437350,1
ch-mutex,1,48,3,59267404,2077325,0,57190417,856496353,1
ch-mutex,1,48,4,58952801,2049434,0,56823370,860086754,1
ch-spin,1,48,0,72279994,2038719,0,70419062,607159759,1
ch-spin,1,48,1,93994095,2072776,0,92033644,933562737,1
ch-spin,1,48,2,72318123,2021307,0,70418041,607250814,1
ch-spin,1,48,3,73798276,2062402,0,71916910,596510273,1
ch-spin,1,48,4,73247980,2050994,0,71303152,618520319,1
unchained,1,64,0,39088320,6417415,619010,32051895,0,1
unchained,1,64,1,39024973,6407429,616685,32000859,0,1
unchained,1,64,2,38790644,6317910,600954,31871780,0,1
unchained,1,64,3,39068727,6334466,615792,32118469,0,1
unchained,1,64,4,38906500,6364546,617841,31924113,0,1
chained,1,64,0,83868814,0,0,83868814,0,1
chained,1,64,1,75433076,0,0,75433076,0,1
chained,1,64,2,78650754,0,0,78650754,0,1
chained,1,64,3,79717152,0,0,79717152,0,1
chained,1,64,4,73823705,0,0,73823705,0,1
ch-mutex,1,64,0,64078999,1580282,0,62443744,1649204796,1
ch-mutex,1,64,1,59913082,1563358,0,58202606,1635858420,1
ch-mutex,1,64,2,59386191,1564886,0,57772071,1544030033,1
ch-mutex,1,64,3,60875565,1576896,0,59263957,1577846786,1
ch-mutex,1,64,4,60167432,1564317,0,58593810,1584866377,1
ch-spin,1,64,0,66004045,1569203,0,64461275,1127676538,1
ch-spin,1,64,1,85467506,1559367,0,83936898,1783303879,1
ch-spin,1,64,2,68219811,1587921,0,66671857,1181032278,1
ch-spin,1,64,3,64199691,1538831,0,62642269,1122080524,1
ch-spin,1,64,4,75499258,1548279,0,73910354,1399727450,1
unchained,1,96,0,37564982,5648737,657093,31259152,0,1
unchained,1,96,1,37523793,5671262,672405,31180126,0,1
unchained,1,96,2,41405887,7937527,681191,32787169,0,1
unchained,1,96,3,192093210,137743086,684063,53666061,0,1
unchained,1,96,4,37211154,5689272,674116,30847766,0,1
chained,1,96,0,81845309,0,0,81845309,0,1
chained,1,96,1,84618052,0,0,84618052,0,1
chained,1,96,2,306777184,0,0,306777184,0,1
chained,1,96,3,83119679,0,0,83119679,0,1
chained,1,96,4,306772495,0,0,306772495,0,1
ch-mutex,1,96,0,85515473,1095677,0,83841051,4140746974,1
ch-mutex,1,96,1,65276365,1077049,0,64016941,3357966071,1
ch-mutex,1,96,2,68212944,1073326,0,66977873,3270240662,1
ch-mutex,1,96,3,77417433,1095102,0,74673288,3907667204,1
ch-mutex,1,96,4,104851321,1088951,0,101097843,5430441456,1
ch-spin,1,96,0,71294818,1083852,0,70026764,2741522705,1
ch-spin,1,96,1,148518761,1113806,0,145909564,8151644800,1
ch-spin,1,96,2,126975288,1118165,0,122694335,6520374354,1
ch-spin,1,96,3,68544698,1087941,0,67205653,2766358489,1
ch-spin,1,96,4,69745160,1077803,0,68605802,2582459184,1
unchained,1.25,1,0,434274112,94052049,123135,340098928,0,1
unchained,1.25,1,1,435246866,94054526,124667,341067673,0,1
unchained,1.25,1,2,434014789,93798004,123757,340093028,0,1
unchained,1.25,1,3,434278633,93950315,121802,340206516,0,1
unchained,1.25,1,4,434186693,93768170,132713,340285810,0,1
chained,1.25,1,0,600783059,0,0,600783059,0,1
chained,1.25,1,1,582255643,0,0,582255643,0,1
chained,1.25,1,2,596455671,0,0,596455671,0,1
chained,1.25,1,3,579669794,0,0,579669794,0,1
chained,1.25,1,4,594642451,0,0,594642451,0,1
ch-mutex,1.25,1,0,745475471,73386441,0,672034035,2080905,1
ch-mutex,1.25,1,1,728893005,72864815,0,655963328,2042180,1
ch-mutex,1.25,1,2,708908537,72946145,0,635892047,1994347,1
ch-mutex,1.25,1,3,712635553,72777237,0,639790993,1968879,1
ch-mutex,1.25,1,4,716889930,73009988,0,643807687,2001277,1
ch-spin,1.25,1,0,717726114,83243269,0,634409192,1604753,1
ch-spin,1.25,1,1,742601206,83363104,0,659176110,1608139,1
ch-spin,1.25,1,2,703082847,83178550,0,619823031,1578705,1
ch-spin,1.25,1,3,754403289,82866995,0,671464561,1588527,1
ch-spin,1.25,1,4,778736184,83244571,0,695419489,1606439,1
unchained,1.25,2,0,234729191,47490029,197402,187041760,0,1
unchained,1.25,2,1,234378365,47386592,203440,186788333,0,1
unchained,1.25,2,2,234577356,47582359,197710,186797287,0,1
unchained,1.25,2,3,235208008,47645636,199141,187363231,0,1
unchained,1.25,2,4,235330297,47593065,197559,187539673,0,1
chained,1.25,2,0,592445886,0,0,592445886,0,1
chained,1.25,2,1,570680174,0,0,570680174,0,1
chained,1.25,2,2,583972346,0,0,583972346,0,1
chained,1.25,2,3,568882405,0,0,568882405,0,1
chained,1.25,2,4,559119563,0,0,559119563,0,1
ch-mutex,1.25,2,0,373210670,36615382,0,336551812,2097389,1
ch-mutex,1.25,2,1,375509927,36396057,0,339159254,2124301,1
ch-mutex,1.25,2,2,379893672,36504713,0,343388085,2133197,1
ch-mutex,1.25,2,3,363579008,36572208,0,326963127,2039656,1
ch-mutex,1.25,2,4,365146241,36491712,0,328610132,2029218,1
ch-spin,1.25,2,0,397570105,41568911,0,355964775,22080770,1
ch-spin,1.25,2,1,380467733,41637938,0,338770221,1780355,1
ch-spin,1.25,2,2,378601364,41576549,0,336980758,1774002,1
ch-spin,1.25,2,3,383443275,41582053,0,341956702,1769538,1
ch-spin,1.25,2,4,375209449,41731512,0,333439304,1773694,1
unchained,1.25,4,0,152713104,24445329,289711,127978064,0,1
unchained,1.25,4,1,152783766,24314762,283215,128185789,0,1
unchained,1.25,4,2,152164970,24309682,279299,127575989,0,1
unchained,1.25,4,3,152854549,24236842,286768,128330939,0,1
unchained,1.25,4,4,154696531,24326397,280839,130089295,0,1
chained,1.25,4,0,363508704,0,0,363508704,0,1
chained,1.25,4,1,383210852,0,0,383210852,0,1
chained,1.25,4,2,390084154,0,0,390084154,0,1
chained,1.25,4,3,378764421,0,0,378764421,0,1
chained,1.25,4,4,391550092,0,0,391550092,0,1
ch-mutex,1.25,4,0,188400807,18243087,0,170202320,3191512,1
ch-mutex,1.25,4,1,191832491,18334371,0,173468369,3336702,1
ch-mutex,1.25,4,2,196371877,18240148,0,178131285,4288870,1
ch-mutex,1.25,4,3,187838438,18252273,0,169556791,3696613,1
ch-mutex,1.25,4,4,192275489,18291168,0,174005965,3574375,1
ch-spin,1.25,4,0,195004980,20831535,0,174221174,3263725,1
ch-spin,1.25,4,1,199430911,20946611,0,178548421,3466789,1
ch-spin,1.25,4,2,204804540,20782740,0,184072488,3712865,1
ch-spin,1.25,4,3,192686638,20724033,0,171992892,3395859,1
ch-spin,1.25,4,4,199973434,20806439,0,179143091,3573052,1
unchained,1.25,8,0,109289671,13393307,332649,95563715,0,1
unchained,1.25,8,1,109470014,13284936,336553,95848525,0,1
unchained,1.25,8,2,109266048,13280463,337636,95647949,0,1
unchained,1.25,8,3,109068944,13241216,345425,95482303,0,1
unchained,1.25,8,4,109146756,13254727,332554,95559475,0,1
chained,1.25,8,0,262765809,0,0,262765809,0,1
chained,1.25,8,1,237627400,0,0,237627400,0,1
chained,1.25,8,2,262654839,0,0,262654839,0,1
chained,1.25,8,3,237576243,0,0,237576243,0,1
chained,1.25,8,4,262826559,0,0,262826559,0,1
ch-mutex,1.25,8,0,106276955,9136299,0,97111929,21900183,1
ch-mutex,1.25,8,1,105377973,9166403,0,96236208,24942648,1
ch-mutex,1.25,8,2,107095377,9160933,0,97937289,26681097,1
ch-mutex,1.25,8,3,107858175,9182917,0,98751792,24719498,1
ch-mutex,1.25,8,4,106578671,9148424,0,97466476,23837030,1
ch-spin,1.25,8,0,114084895,10401288,0,103675021,26567576,1
ch-spin,1.25,8,1,108243730,10374422,0,97840901,27468539,1
ch-spin,1.25,8,2,109647498,10409920,0,99209167,20443200,1
ch-spin,1.25,8,3,109883936,10369188,0,99523904,23439564,1
ch-spin,1.25,8,4,107763964,10361501,0,97376666,22545997,1
unchained,1.25,16,0,88823905,7714965,399361,80709579,0,1
unchained,1.25,16,1,88915016,7658461,391465,80865090,0,1
unchained,1.25,16,2,89140297,7744006,415851,80980440,0,1
unchained,1.25,16,3,88909612,7652634,402425,80854553,0,1
unchained,1.25,16,4,89176215,7702942,395067,81078206,0,1
chained,1.25,16,0,262808271,0,0,262808271,0,1
chained,1.25,16,1,267931053,0,0,267931053,0,1
chained,1.25,16,2,275997714,0,0,275997714,0,1
chained,1.25,16,3,268024956,0,0,268024956,0,1
chained,1.25,16,4,263288214,0,0,263288214,0,1
ch-mutex,1.25,16,0,86995090,4667265,0,82323088,534884207,1
ch-mutex,1.25,16,1,88297294,4683157,0,83599524,540148219,1
ch-mutex,1.25,16,2,86832219,4670672,0,82137424,531988634,1
ch-mutex,1.25,16,3,87448196,4667133,0,82745839,550702740,1
ch-mutex,1.25,16,4,87671688,4661356,0,83000187,532886738,1
ch-spin,1.25,16,0,116383057,5222149,0,111150849,397607658,1
ch-spin,1.25,16,1,121031693,5230879,0,115777704,445750595,1
ch-spin,1.25,16,2,111341530,5254429,0,106100768,387793850,1
ch-spin,1.25,16,3,117659621,5257816,0,112408546,420605882,1
ch-spin,1.25,16,4,114135117,5225156,0,108866061,388139658,1
unchained,1.25,24,0,85165774,6635317,415849,78114608,0,1
unchained,1.25,24,1,84434894,6607517,410964,77416413,0,1
unchained,1.25,24,2,84255703,6633525,407314,77214864,0,1
unchained,1.25,24,3,84276628,6624027,425380,77227221,0,1
unchained,1.25,24,4,84274583,6844845,410752,77018986,0,1
chained,1.25,24,0,245957149,0,0,245957149,0,1
chained,1.25,24,1,252977520,0,0,252977520,0,1
chained,1.25,24,2,252044910,0,0,252044910,0,1
chained,1.25,24,3,242583786,0,0,242583786,0,1
chained,1.25,24,4,253177497,0,0,253177497,0,1
ch-mutex,1.25,24,0,86979219,3167292,0,83774731,1210370052,1
ch-mutex,1.25,24,1,90057735,3176606,0,86849724,1216915270,1
ch-mutex,1.25,24,2,88020221,3174933,0,84805973,1189462257,1
ch-mutex,1.25,24,3,88430491,3168810,0,85253800,1191581597,1
ch-mutex,1.25,24,4,90434129,3174319,0,87270221,1202309746,1
ch-spin,1.25,24,0,94295516,3509249,0,90781541,692029603,1
ch-spin,1.25,24,1,102729777,3529039,0,99246233,769081483,1
ch-spin,1.25,24,2,113577355,3497458,0,110075705,782981401,1
ch-spin,1.25,24,3,109255679,3516864,0,105765133,854215855,1
ch-spin,1.25,24,4,103066267,3510781,0,99564429,792900253,1
unchained,1.25,32,0,83004637,6770209,456600,75777828,0,1
unchained,1.25,32,1,82705665,6557313,460905,75687447,0,1
unchained,1.25,32,2,82472094,6653700,460310,75358084,0,1
unchained,1.25,32,3,82070643,6475685,450990,75143968,0,1
unchained,1.25,32,4,82391943,6732988,459880,75199075,0,1
chained,1.25,32,0,269467020,0,0,269467020,0,1
chained,1.25,32,1,248673971,0,0,248673971,0,1
chained,1.25,32,2,247100643,0,0,247100643,0,1
chained,1.25,32,3,248267552,0,0,248267552,0,1
chained,1.25,32,4,258933725,0,0,258933725,0,1
ch-mutex,1.25,32,0,89064161,2413826,0,86610880,1867373440,1
ch-mutex,1.25,32,1,88731701,2408189,0,86310228,1889524339,1
ch-mutex,1.25,32,2,88880526,2391969,0,86401705,1873284584,1
ch-mutex,1.25,32,3,88966243,2417602,0,86541041,1888758797,1
ch-mutex,1.25,32,4,87255938,2400999,0,84816476,1865831829,1
ch-spin,1.25,32,0,119785201,2649632,0,117064045,1519209410,1
ch-spin,1.25,32,1,111219504,2658711,0,108508854,1466299699,1
ch-spin,1.25,32,2,92304607,2656710,0,89623470,1182533267,1
ch-spin,1.25,32,3,92106115,2671949,0,89410787,1185143718,1
ch-spin,1.25,32,4,91619049,2665596,0,88886919,1166547750,1
unchained,1.25,48,0,81932397,6384937,496891,75050569,0,1
unchained,1.25,48,1,81867484,6436863,493681,74936940,0,1
unchained,1.25,48,2,82359642,6443150,475062,75441430,0,1
unchained,1.25,48,3,82072154,7548665,477222,74046267,0,1
unchained,1.25,48,4,81618412,6318941,496175,74803296,0,1
chained,1.25,48,0,255857939,0,0,255857939,0,1
chained,1.25,48,1,249599388,0,0,249599388,0,1
chained,1.25,48,2,264102578,0,0,264102578,0,1
chained,1.25,48,3,251660075,0,0,251660075,0,1
chained,1.25,48,4,255129525,0,0,255129525,0,1
ch-mutex,1.25,48,0,89774531,1649490,0,88112694,3275574220,1
ch-mutex,1.25,48,1,92451599,1651468,0,90697656,3301370085,1
ch-mutex,1.25,48,2,90230786,1666296,0,88533045,3268224299,1
ch-mutex,1.25,48,3,89168271,1621446,0,87510612,3222967484,1
ch-mutex,1.25,48,4,88679855,1635348,0,87001878,3158802479,1
ch-spin,1.25,48,0,94354621,1797432,0,92527035,2018737001,1
ch-spin,1.25,48,1,105612278,1804854,0,103804116,2379331311,1
ch-spin,1.25,48,2,98635794,1817272,0,96823281,2283079353,1
ch-spin,1.25,48,3,92667845,1808304,0,90867087,2081459227,1
ch-spin,1.25,48,4,92368398,1797295,0,90562650,2103336863,1
unchained,1.25,64,0,79961844,5960545,543848,73457451,0,1
unchained,1.25,64,1,79929328,5892241,571547,73465540,0,1
unchained,1.25,64,2,81401913,5987070,548420,74866423,0,1
unchained,1.25,64,3,79887537,5945434,550133,73391970,0,1
unchained,1.25,64,4,79950792,5916809,536577,73497406,0,1
chained,1.25,64,0,265278642,0,0,265278642,0,1
chained,1.25,64,1,261747857,0,0,261747857,0,1
chained,1.25,64,2,255503490,0,0,255503490,0,1
chained,1.25,64,3,256481096,0,0,256481096,0,1
chained,1.25,64,4,262798188,0,0,262798188,0,1
ch-mutex,1.25,64,0,92612793,1249495,0,91306706,4461496222,1
ch-mutex,1.25,64,1,91582665,1255055,0,90202222,4463897818,1
ch-mutex,1.25,64,2,92039046,1246097,0,90641398,4480965890,1
ch-mutex,1.25,64,3,90688103,1258484,0,89300670,4383927498,1
ch-mutex,1.25,64,4,91203901,1246366,0,89831060,4426456140,1
ch-spin,1.25,64,0,109796424,1363282,0,108269497,3070140259,1
ch-spin,1.25,64,1,105905969,1380461,0,104398353,3255621751,1
ch-spin,1.25,64,2,125185922,1382997,0,123816773,4373611794,1
ch-spin,1.25,64,3,93255388,1373889,0,91747146,3010530104,1
ch-spin,1.25,64,4,92122654,1380995,0,90596016,2987221197,1
unchained,1.25,96,0,81038343,6998515,606752,73433076,0,1
unchained,1.25,96,1,79514479,5773848,603355,73137276,0,1
unchained,1.25,96,2,79833104,5652876,602552,73577676,0,1
unchained,1.25,96,3,86720295,9307177,607138,76805980,0,1
unchained,1.25,96,4,85669030,11128677,601036,73939317,0,1
chained,1.25,96,0,250378637,0,0,250378637,0,1
chained,1.25,96,1,249994285,0,0,249994285,0,1
chained,1.25,96,2,516289002,0,0,516289002,0,1
chained,1.25,96,3,252760580,0,0,252760580,0,1
chained,1.25,96,4,249588170,0,0,249588170,0,1
ch-mutex,1.25,96,0,98516922,902598,0,97441267,7504167571,1
ch-mutex,1.25,96,1,114753316,891105,0,113630881,8664292606,1
ch-mutex,1.25,96,2,108261429,880818,0,106356902,7998621716,1
ch-mutex,1.25,96,3,101260771,900167,0,96743850,7471569516,1
ch-mutex,1.25,96,4,98166742,895609,0,97065141,7488167200,1
ch-spin,1.25,96,0,284770177,974851,0,281486374,22305224889,1
ch-spin,1.25,96,1,103725645,969256,0,102532029,5372889887,1
ch-spin,1.25,96,2,108742588,973233,0,107581346,6232016342,1
ch-spin,1.25,96,3,245044619,965149,0,243296498,15965106126,1
ch-spin,1.25,96,4,236712850,971243,0,233857543,16469309489,1
unchained,1.5,1,0,451681354,108227377,106786,343347191,0,1
unchained,1.5,1,1,451053819,105953786,111869,344988164,0,1
unchained,1.5,1,2,452506309,108624934,104875,343776500,0,1
unchained,1.5,1,3,453565168,105921990,104863,347538315,0,1
unchained,1.5,1,4,449828472,105873276,105810,343849386,0,1
chained,1.5,1,0,421306929,0,0,421306929,0,1
chained,1.5,1,1,422914599,0,0,422914599,0,1
chained,1.5,1,2,422122794,0,0,422122794,0,1
chained,1.5,1,3,419318041,0,0,419318041,0,1
chained,1.5,1,4,421296648,0,0,421296648,0,1
ch-mutex,1.5,1,0,446454942,70322594,0,376064429,1940258,1
ch-mutex,1.5,1,1,448054812,70472561,0,377512427,1946825,1
ch-mutex,1.5,1,2,436518407,69962805,0,366479630,1912441,1
ch-mutex,1.5,1,3,443004034,70116818,0,372821567,1907625,1
ch-mutex,1.5,1,4,446832944,70288937,0,376487333,1954657,1
ch-spin,1.5,1,0,447817939,70156517,0,377580930,1629695,1
ch-spin,1.5,1,1,450536459,69978036,0,380483951,1591786,1
ch-spin,1.5,1,2,443216157,70245381,0,372896010,1601782,1
ch-spin,1.5,1,3,450235121,70060789,0,380101643,1607928,1
ch-spin,1.5,1,4,433354060,70068071,0,363224170,1587359,1
unchained,1.5,2,0,269123942,53497552,162736,215463654,0,1
unchained,1.5,2,1,269527283,53657007,160944,215709332,0,1
unchained,1.5,2,2,268919643,53677874,163676,215078093,0,1
unchained,1.5,2,3,269223919,53704731,168530,215350658,0,1
unchained,1.5,2,4,269552891,53661771,167223,215723897,0,1
chained,1.5,2,0,520523987,0,0,520523987,0,1
chained,1.5,2,1,540361025,0,0,540361025,0,1
chained,1.5,2,2,523018187,0,0,523018187,0,1
chained,1.5,2,3,511476682,0,0,511476682,0,1
chained,1.5,2,4,517702369,0,0,517702369,0,1
ch-mutex,1.5,2,0,232863165,35325796,0,197492525,1987421,1
ch-mutex,1.5,2,1,236542232,35189956,0,201373624,2082320,1
ch-mutex,1.5,2,2,231164259,35208137,0,195924967,1891489,1
ch-mutex,1.5,2,3,229442978,35259603,0,194170398,1991091,1
ch-mutex,1.5,2,4,230733573,35381342,0,195320012,1907617,1
ch-spin,1.5,2,0,235327136,35143351,0,200166679,1863466,1
ch-spin,1.5,2,1,241321852,34989512,0,206274058,1950321,1
ch-spin,1.5,2,2,228901367,35170062,0,193698620,1738042,1
ch-spin,1.5,2,3,230839811,35162778,0,195625313,1779085,1
ch-spin,1.5,2,4,230052658,35241826,0,194753152,1759342,1
unchained,1.5,4,0,191247442,27746545,253998,163246899,0,1
unchained,1.5,4,1,191726711,27995289,246660,163484762,0,1
unchained,1.5,4,2,191766756,27867089,247400,163652267,0,1
unchained,1.5,4,3,190912626,27898735,248913,162764978,0,1
unchained,1.5,4,4,191232523,27988132,247769,162996622,0,1
chained,1.5,4,0,398561928,0,0,398561928,0,1
chained,1.5,4,1,376115468,0,0,376115468,0,1
chained,1.5,4,2,405008721,0,0,405008721,0,1
chained,1.5,4,3,408509087,0,0,408509087,0,1
chained,1.5,4,4,410223981,0,0,410223981,0,1
ch-mutex,1.5,4,0,130674760,17612916,0,113089828,29754217,1
ch-mutex,1.5,4,1,131773099,17633469,0,114113963,32546739,1
ch-mutex,1.5,4,2,132441220,17779191,0,114884469,28729090,1
ch-mutex,1.5,4,3,131502325,17767134,0,113932553,29966117,1
ch-mutex,1.5,4,4,130901291,17606877,0,113340431,31846625,1
ch-spin,1.5,4,0,131912390,17641623,0,114378549,24873054,1
ch-spin,1.5,4,1,129383519,17524601,0,111836884,23487478,1
ch-spin,1.5,4,2,128693154,17597687,0,111068079,27398159,1
ch-spin,1.5,4,3,129974544,17541689,0,112463440,29836616,1
ch-spin,1.5,4,4,129484784,17624519,0,111958839,30377827,1
unchained,1.5,8,0,148349977,15005888,301873,133042216,0,1
unchained,1.5,8,1,148468102,15053742,305203,133109157,0,1
unchained,1.5,8,2,148534011,15144777,306560,133082674,0,1
unchained,1.5,8,3,149744500,16552285,326190,132866025,0,1
unchained,1.5,8,4,148212915,15042303,306091,132864521,0,1
chained,1.5,8,0,344849280,0,0,344849280,0,1
chained,1.5,8,1,369435518,0,0,369435518,0,1
chained,1.5,8,2,378283216,0,0,378283216,0,1
chained,1.5,8,3,335339810,0,0,335339810,0,1
chained,1.5,8,4,339836230,0,0,339836230,0,1
ch-mutex,1.5,8,0,120255059,8854631,0,111484231,449206561,1
ch-mutex,1.5,8,1,121072140,8783485,0,112265278,452855813,1
ch-mutex,1.5,8,2,121134783,8846055,0,112373077,454112217,1
ch-mutex,1.5,8,3,122014857,8796579,0,113242731,444814524,1
ch-mutex,1.5,8,4,120240597,8773694,0,111494077,444343991,1
ch-spin,1.5,8,0,149651427,8875132,0,140737334,340204529,1
ch-spin,1.5,8,1,148783746,8773297,0,139971207,352736916,1
ch-spin,1.5,8,2,138348175,8808426,0,129506463,334831113,1
ch-spin,1.5,8,3,141760415,8885910,0,132835940,334119013,1
ch-spin,1.5,8,4,143897586,8804435,0,135057370,357786680,1
unchained,1.5,16,0,131401506,8278950,383629,122738927,0,1
unchained,1.5,16,1,130326179,8267110,366854,121692215,0,1
unchained,1.5,16,2,130209305,8252755,361667,121594883,0,1
unchained,1.5,16,3,130567799,8264612,364315,121938872,0,1
unchained,1.5,16,4,129808194,8333371,364454,121110369,0,1
chained,1.5,16,0,384959915,0,0,384959915,0,1
chained,1.5,16,1,380304199,0,0,380304199,0,1
chained,1.5,16,2,390349052,0,0,390349052,0,1
chained,1.5,16,3,389150817,0,0,389150817,0,1
chained,1.5,16,4,385593796,0,0,385593796,0,1
ch-mutex,1.5,16,0,122628056,4434389,0,118196892,1382318737,1
ch-mutex,1.5,16,1,122040859,4459248,0,117590907,1391656852,1
ch-mutex,1.5,16,2,122309528,4441014,0,117861379,1363571439,1
ch-mutex,1.5,16,3,121960272,4441999,0,117520146,1373741021,1
ch-mutex,1.5,16,4,122764559,4458615,0,118295553,1386157338,1
ch-spin,1.5,16,0,129688811,4427118,0,125241955,851476679,1
ch-spin,1.5,16,1,152581396,4439255,0,148175207,1084529872,1
ch-spin,1.5,16,2,144055433,4435077,0,139652441,1042568217,1
ch-spin,1.5,16,3,131998911,4441330,0,127578600,974101723,1
ch-spin,1.5,16,4,128598099,4480011,0,124156131,911066036,1
unchained,1.5,24,0,125782920,6494358,392012,118896550,0,1
unchained,1.5,24,1,125542467,6573738,381182,118587547,0,1
unchained,1.5,24,2,125581410,6538877,374454,118668079,0,1
unchained,1.5,24,3,126117225,6534409,381372,119201444,0,1
unchained,1.5,24,4,125531780,6529564,377980,118624236,0,1
chained,1.5,24,0,399954363,0,0,399954363,0,1
chained,1.5,24,1,388829127,0,0,388829127,0,1
chained,1.5,24,2,399493373,0,0,399493373,0,1
chained,1.5,24,3,393582808,0,0,393582808,0,1
chained,1.5,24,4,405599213,0,0,405599213,0,1
ch-mutex,1.5,24,0,122098797,3025418,0,119052362,2284260615,1
ch-mutex,1.5,24,1,122832221,2985980,0,119772650,2319307518,1
ch-mutex,1.5,24,2,121736175,3004135,0,118698162,2287530611,1
ch-mutex,1.5,24,3,121530156,3004856,0,118473683,2302571278,1
ch-mutex,1.5,24,4,122361642,3008480,0,119307109,2309727311,1
ch-spin,1.5,24,0,130755340,2965466,0,127794377,1598098087,1
ch-spin,1.5,24,1,166568790,2984613,0,163617556,2184495107,1
ch-spin,1.5,24,2,136937447,3003736,0,133973343,1669413134,1
ch-spin,1.5,24,3,136838711,2961136,0,133867185,1672164847,1
ch-spin,1.5,24,4,126853647,2980085,0,123892526,1542455237,1
unchained,1.5,32,0,125298647,6476037,427776,118394834,0,1
unchained,1.5,32,1,124723757,6525536,414623,117783598,0,1
unchained,1.5,32,2,125257627,6527665,420345,118309617,0,1
unchained,1.5,32,3,124753154,6459515,418595,117875044,0,1
unchained,1.5,32,4,124036401,6548011,420834,117067556,0,1
chained,1.5,32,0,394536925,0,0,394536925,0,1
chained,1.5,32,1,404268143,0,0,404268143,0,1
chained,1.5,32,2,401668728,0,0,401668728,0,1
chained,1.5,32,3,394277510,0,0,394277510,0,1
chained,1.5,32,4,402026818,0,0,402026818,0,1
ch-mutex,1.5,32,0,122914881,2280977,0,120583605,3225785885,1
ch-mutex,1.5,32,1,122479294,2285734,0,120168891,3195128998,1
ch-mutex,1.5,32,2,122054293,2304519,0,119751662,3223022712,1
ch-mutex,1.5,32,3,121561350,2311997,0,119226621,3185759080,1
ch-mutex,1.5,32,4,122608653,2279302,0,120270062,3198873196,1
ch-spin,1.5,32,0,124489349,2241374,0,122164998,2102351207,1
ch-spin,1.5,32,1,122636664,2254917,0,120296925,2072162522,1
ch-spin,1.5,32,2,131117336,2254293,0,128827679,2279729409,1
ch-spin,1.5,32,3,147658887,2254937,0,145347724,2640170535,1
ch-spin,1.5,32,4,135466643,2234524,0,133154260,2344611865,1
unchained,1.5,48,0,125804157,7083548,484947,118235662,0,1
unchained,1.5,48,1,123462470,5944152,455983,117062335,0,1
unchained,1.5,48,2,123725477,5909509,475188,117340780,0,1
unchained,1.5,48,3,124925491,5957938,453980,118513573,0,1
unchained,1.5,48,4,124760659,5952528,463905,118344226,0,1
chained,1.5,48,0,407229050,0,0,407229050,0,1
chained,1.5,48,1,406046461,0,0,406046461,0,1
chained,1.5,48,2,419798142,0,0,419798142,0,1
chained,1.5,48,3,399806205,0,0,399806205,0,1
chained,1.5,48,4,401466865,0,0,401466865,0,1
ch-mutex,1.5,48,0,124451154,1565741,0,122804551,5114686602,1
ch-mutex,1.5,48,1,123536099,1542712,0,121926166,5018236376,1
ch-mutex,1.5,48,2,123957802,1557885,0,122351403,5068596958,1
ch-mutex,1.5,48,3,123288073,1550573,0,121638767,5126523864,1
ch-mutex,1.5,48,4,123601218,1542358,0,122021076,5095965010,1
ch-spin,1.5,48,0,122453546,1537438,0,120893597,3366899636,1
ch-spin,1.5,48,1,124289789,1519125,0,122749711,3369542870,1
ch-spin,1.5,48,2,126166276,1551309,0,124634778,3334678346,1
ch-spin,1.5,48,3,145597955,1533887,0,144064493,3851290053,1
ch-spin,1.5,48,4,150720999,1515804,0,149169300,3862072536,1
unchained,1.5,64,0,122837227,5916177,518521,116402529,0,1
unchained,1.5,64,1,123421549,5533107,503750,117384692,0,1
unchained,1.5,64,2,122520071,5504496,506379,116509196,0,1
unchained,1.5,64,3,127541682,7946189,499340,119096153,0,1
unchained,1.5,64,4,125825314,8466700,493706,116864908,0,1
chained,1.5,64,0,408842800,0,0,408842800,0,1
chained,1.5,64,1,406622608,0,0,406622608,0,1
chained,1.5,64,2,405516731,0,0,405516731,0,1
chained,1.5,64,3,406386952,0,0,406386952,0,1
chained,1.5,64,4,407126510,0,0,407126510,0,1
ch-mutex,1.5,64,0,124650136,1203005,0,123360965,6647272494,1
ch-mutex,1.5,64,1,124909367,1199946,0,123646275,6716126488,1
ch-mutex,1.5,64,2,125608391,1180525,0,124263765,6612267568,1
ch-mutex,1.5,64,3,125066822,1177227,0,123777728,6724320679,1
ch-mutex,1.5,64,4,125169200,1210127,0,123849585,6797629943,1
ch-spin,1.5,64,0,128251872,1158799,0,126940791,4518176638,1
ch-spin,1.5,64,1,148162928,1156688,0,146976061,5096595768,1
ch-spin,1.5,64,2,141249618,1179144,0,140086543,5147889428,1
ch-spin,1.5,64,3,145161385,1158331,0,143831522,5309495039,1
ch-spin,1.5,64,4,150157635,1165322,0,148880505,5916338274,1
unchained,1.5,96,0,321313878,201326402,612096,119375380,0,1
unchained,1.5,96,1,125664054,7329978,603828,117730248,0,1
unchained,1.5,96,2,122545772,5584126,606772,116354874,0,1
unchained,1.5,96,3,123507409,6101396,605783,116800230,0,1
unchained,1.5,96,4,124287560,7226657,594631,116466272,0,1
chained,1.5,96,0,632643274,0,0,632643274,0,1
chained,1.5,96,1,387115254,0,0,387115254,0,1
chained,1.5,96,2,391125643,0,0,391125643,0,1
chained,1.5,96,3,542786403,0,0,542786403,0,1
chained,1.5,96,4,394648048,0,0,394648048,0,1
ch-mutex,1.5,96,0,186170764,851020,0,181578093,14676148461,1
ch-mutex,1.5,96,1,132513882,846777,0,130922357,11025437297,1
ch-mutex,1.5,96,2,130746456,834821,0,129753977,11067605280,1
ch-mutex,1.5,96,3,136471528,870423,0,135532213,11414355049,1
ch-mutex,1.5,96,4,137312816,839047,0,134997789,11070246328,1
ch-spin,1.5,96,0,128836941,831843,0,127903753,9386207072,1
ch-spin,1.5,96,1,128001112,825324,0,126848192,8721311155,1
ch-spin,1.5,96,2,178555206,832956,0,176025311,12551951905,1
ch-spin,1.5,96,3,168077048,864958,0,166214961,11137635080,1
ch-spin,1.5,96,4,421170384,833327,0,419774491,24270411543,1
